/*
 Navicat Premium Data Transfer

 Source Server         : keepaccounts
 Source Server Type    : MySQL
 Source Server Version : 50740
 Source Host           : 81.68.164.215:3306
 Source Schema         : keepaccounts

 Target Server Type    : MySQL
 Target Server Version : 50740
 File Encoding         : 65001

 Date: 10/01/2024 16:43:02
*/

SET NAMES utf8mb4;
SET FOREIGN_KEY_CHECKS = 0;

-- ----------------------------
-- Table structure for Book
-- ----------------------------
DROP TABLE IF EXISTS `Book`;
CREATE TABLE `Book`  (
  `BillType` int(11) NULL DEFAULT NULL,
  `AmountOfMoney` decimal(18, 6) NULL DEFAULT NULL,
  `ClassId` varchar(50) CHARACTER SET utf8mb4 COLLATE utf8mb4_general_ci NULL DEFAULT NULL,
  `ConsumptionTime` datetime NULL DEFAULT NULL,
  `PayType` varchar(500) CHARACTER SET utf8mb4 COLLATE utf8mb4_general_ci NULL DEFAULT NULL,
  `Remark` varchar(500) CHARACTER SET utf8mb4 COLLATE utf8mb4_general_ci NULL DEFAULT NULL,
  `ClassName` varchar(500) CHARACTER SET utf8mb4 COLLATE utf8mb4_general_ci NULL DEFAULT NULL,
  `ClassIcon` varchar(500) CHARACTER SET utf8mb4 COLLATE utf8mb4_general_ci NULL DEFAULT NULL,
  `ClassBg` varchar(500) CHARACTER SET utf8mb4 COLLATE utf8mb4_general_ci NULL DEFAULT NULL,
  `UserId` varchar(50) CHARACTER SET utf8mb4 COLLATE utf8mb4_general_ci NULL DEFAULT NULL,
  `ID` varchar(50) CHARACTER SET utf8mb4 COLLATE utf8mb4_general_ci NOT NULL,
  `IsDeleted` bit(1) NULL DEFAULT NULL,
  `CreateTime` datetime NULL DEFAULT NULL,
  `CreateUserID` varchar(50) CHARACTER SET utf8mb4 COLLATE utf8mb4_general_ci NULL DEFAULT NULL,
  `UpdateTime` datetime NULL DEFAULT NULL,
  `UpdateUserID` varchar(50) CHARACTER SET utf8mb4 COLLATE utf8mb4_general_ci NULL DEFAULT NULL,
  `Sort` int(11) NULL DEFAULT NULL,
  PRIMARY KEY (`ID`) USING BTREE
) ENGINE = InnoDB CHARACTER SET = utf8mb4 COLLATE = utf8mb4_general_ci ROW_FORMAT = Dynamic;

-- ----------------------------
-- Records of Book
-- ----------------------------
INSERT INTO `Book` VALUES (1, 6.000000, 'ee1085cc-876e-11ee-8a06-525400d40092', '2023-12-21 00:00:00', NULL, '', '交通', 'icon-jiaotong', '#AF362E', '6714d10c-49ec-46c1-a2e1-1873a0436598', '01525137-2356-437b-8af5-97f544799646', b'0', '2023-12-21 13:59:06', '6714d10c-49ec-46c1-a2e1-1873a0436598', '2023-12-21 13:59:06', '00000000-0000-0000-0000-000000000000', 0);
INSERT INTO `Book` VALUES (2, 142.800000, '2a364734-876f-11ee-8a06-525400d40092', '2023-12-11 00:00:00', NULL, '', '理财', 'icon-licai', '#FDC526', 'dfcb493f-b058-4daf-9f9e-71776c337ec8', '02546e05-154c-435c-9692-760405b65f30', b'0', '2023-12-11 12:23:57', 'dfcb493f-b058-4daf-9f9e-71776c337ec8', '2023-12-11 12:23:57', '00000000-0000-0000-0000-000000000000', 0);
INSERT INTO `Book` VALUES (1, 8.000000, 'ee129691-876e-11ee-8a06-525400d40092', '2023-11-24 00:00:00', NULL, '', '购物', 'icon-gouwu', '#E82782', '15f1fe79-a079-4b53-9b91-e20b86524ca9', '06f0357d-bc23-451d-839d-4b4e54259c3d', b'0', '2023-11-24 19:53:42', '15f1fe79-a079-4b53-9b91-e20b86524ca9', '2023-11-24 19:53:42', '00000000-0000-0000-0000-000000000000', 0);
INSERT INTO `Book` VALUES (1, 455.260000, 'ee129691-876e-11ee-8a06-525400d40092', '2023-12-02 00:00:00', NULL, '', '购物', 'icon-gouwu', '#E82782', 'ae95430c-9a66-4880-a3a9-1d7721c2cfbc', '0842ea85-57cc-47e3-9780-0c01c0d9b8cf', b'0', '2023-12-02 17:20:05', 'ae95430c-9a66-4880-a3a9-1d7721c2cfbc', '2023-12-02 17:20:05', '00000000-0000-0000-0000-000000000000', 0);
INSERT INTO `Book` VALUES (1, 12.000000, 'ee14c0b4-876e-11ee-8a06-525400d40092', '2024-01-03 00:00:00', NULL, '', '吃喝', 'icon-canyin', '#FDC526', 'f2c21071-265e-4208-b750-7cf131376dd5', '0c9b37e2-d43e-4bba-86f6-e0a42ceadff1', b'0', '2024-01-03 11:12:00', 'f2c21071-265e-4208-b750-7cf131376dd5', '2024-01-03 11:12:00', '00000000-0000-0000-0000-000000000000', 0);
INSERT INTO `Book` VALUES (2, 185.000000, '9291eae7-876f-11ee-8a06-525400d40092', '2024-01-08 00:00:00', NULL, '', '工资', 'icon-gongzi', '#FDC526', '415c1522-ba37-4f8b-a241-087b21847865', '0deb2ab7-49dd-4297-90a0-ff3954c94576', b'0', '2024-01-08 19:15:36', '415c1522-ba37-4f8b-a241-087b21847865', '2024-01-08 19:15:36', '00000000-0000-0000-0000-000000000000', 0);
INSERT INTO `Book` VALUES (2, 1111.000000, '9291eae7-876f-11ee-8a06-525400d40092', '2024-01-01 00:00:00', NULL, '', '工资', 'icon-gongzi', '#FDC526', '14e1d2d6-8d13-403b-b575-21476e2ebf01', '11e1f57f-2602-47d6-af98-e478dcd8bf94', b'0', '2024-01-01 22:02:24', '14e1d2d6-8d13-403b-b575-21476e2ebf01', '2024-01-01 22:02:24', '00000000-0000-0000-0000-000000000000', 0);
INSERT INTO `Book` VALUES (2, 165.300000, '2a364734-876f-11ee-8a06-525400d40092', '2023-12-07 00:00:00', NULL, '', '理财', 'icon-licai', '#FDC526', 'dfcb493f-b058-4daf-9f9e-71776c337ec8', '152b08c4-5586-4553-bca5-ca89e0dc4a7c', b'0', '2023-12-07 17:19:27', 'dfcb493f-b058-4daf-9f9e-71776c337ec8', '2023-12-07 17:19:27', '00000000-0000-0000-0000-000000000000', 0);
INSERT INTO `Book` VALUES (2, 179.000000, '9291eae7-876f-11ee-8a06-525400d40092', '2024-01-06 00:00:00', NULL, '', '工资', 'icon-gongzi', '#FDC526', '415c1522-ba37-4f8b-a241-087b21847865', '16d8f290-2e08-4000-9caa-b70f3a174203', b'0', '2024-01-06 19:40:39', '415c1522-ba37-4f8b-a241-087b21847865', '2024-01-06 19:40:39', '00000000-0000-0000-0000-000000000000', 0);
INSERT INTO `Book` VALUES (1, 22.000000, 'ee129691-876e-11ee-8a06-525400d40092', '2023-11-20 00:00:00', NULL, '', '购物', 'icon-gouwu', '#E82782', '805e43cd-f512-49cd-a4e4-6b7b3768718f', '1e2785c0-a64e-42e4-8993-c9da354adca8', b'0', '2023-11-20 14:42:57', '805e43cd-f512-49cd-a4e4-6b7b3768718f', '2023-11-20 14:42:57', '00000000-0000-0000-0000-000000000000', 0);
INSERT INTO `Book` VALUES (1, 50.000000, 'ee1b62e0-876e-11ee-8a06-525400d40092', '2023-12-28 00:00:00', NULL, '', '零食', 'icon-lingshi', '#EE8D2E', '96c64bdd-5394-4742-b279-ca8e944b047f', '20b567aa-011e-40cd-a614-03a0499599ce', b'0', '2023-12-28 17:37:41', '96c64bdd-5394-4742-b279-ca8e944b047f', '2023-12-28 17:37:41', '00000000-0000-0000-0000-000000000000', 0);
INSERT INTO `Book` VALUES (1, 8888.000000, 'ee14c0b4-876e-11ee-8a06-525400d40092', '2023-11-24 00:00:00', NULL, '', '吃喝', 'icon-canyin', '#FDC526', '4532b0fc-dd35-40a6-b33c-7c3d0e27efef', '23134687-871e-44e3-832d-bd78f436126f', b'0', '2023-11-24 16:12:49', '4532b0fc-dd35-40a6-b33c-7c3d0e27efef', '2023-11-24 16:12:49', '00000000-0000-0000-0000-000000000000', 0);
INSERT INTO `Book` VALUES (1, 555.000000, 'ee1b62e0-876e-11ee-8a06-525400d40092', '2023-12-29 00:00:00', NULL, '', '零食', 'icon-lingshi', '#EE8D2E', '57704d02-9e39-4a27-9d12-d4f3c23846e7', '23ad9c3b-3a60-48d5-b7e9-bc30ed295c2b', b'0', '2023-12-29 23:09:27', '57704d02-9e39-4a27-9d12-d4f3c23846e7', '2023-12-29 23:09:27', '00000000-0000-0000-0000-000000000000', 0);
INSERT INTO `Book` VALUES (1, 100.000000, 'ee0dc558-876e-11ee-8a06-525400d40092', '2024-01-10 00:00:00', NULL, '', '居家', 'icon-jujia', '#EA5C2E', 'a53f216d-4013-423c-8e6e-2375bcc993ad', '25fe837c-9557-40b7-bfb9-1c06508d97d7', b'0', '2024-01-10 09:27:57', 'a53f216d-4013-423c-8e6e-2375bcc993ad', '2024-01-10 09:27:57', '00000000-0000-0000-0000-000000000000', 0);
INSERT INTO `Book` VALUES (1, 40.000000, 'ee129691-876e-11ee-8a06-525400d40092', '2023-12-21 00:00:00', NULL, '', '购物', 'icon-gouwu', '#E82782', '6714d10c-49ec-46c1-a2e1-1873a0436598', '266aed0c-d0b1-4611-b539-1018e63bfaae', b'0', '2023-12-21 17:10:01', '6714d10c-49ec-46c1-a2e1-1873a0436598', '2023-12-21 17:10:01', '00000000-0000-0000-0000-000000000000', 0);
INSERT INTO `Book` VALUES (1, 33.000000, 'ee14c0b4-876e-11ee-8a06-525400d40092', '2024-01-08 00:00:00', NULL, '', '吃喝', 'icon-canyin', '#FDC526', 'ac5a9a78-ab83-442f-8d8e-5350242516cf', '266d010b-7f39-46ac-b34f-0b4d87b49e0f', b'0', '2024-01-08 10:31:02', 'ac5a9a78-ab83-442f-8d8e-5350242516cf', '2024-01-08 10:31:02', '00000000-0000-0000-0000-000000000000', 0);
INSERT INTO `Book` VALUES (1, 5.000000, 'ee129691-876e-11ee-8a06-525400d40092', '2023-12-09 00:00:00', NULL, '', '购物', 'icon-gouwu', '#E82782', 'ffd90ffd-3c5b-41a2-a05f-4dda10b9fd94', '26c9d599-5d20-4f38-aa17-687f9cc0a5be', b'0', '2023-12-09 10:28:16', 'ffd90ffd-3c5b-41a2-a05f-4dda10b9fd94', '2023-12-09 10:28:16', '00000000-0000-0000-0000-000000000000', 0);
INSERT INTO `Book` VALUES (1, 1200.000000, 'ee14c0b4-876e-11ee-8a06-525400d40092', '2023-12-01 00:00:00', NULL, '', '吃喝', 'icon-canyin', '#FDC526', '7b4c5c93-c87b-4240-a886-875cb17e7f10', '2cecb620-64be-4882-b9e3-2b51e79f9897', b'0', '2023-12-01 13:15:31', '7b4c5c93-c87b-4240-a886-875cb17e7f10', '2023-12-01 13:15:31', '00000000-0000-0000-0000-000000000000', 0);
INSERT INTO `Book` VALUES (1, 5.000000, 'ee129691-876e-11ee-8a06-525400d40092', '2023-12-09 00:00:00', NULL, '', '购物', 'icon-gouwu', '#E82782', 'ffd90ffd-3c5b-41a2-a05f-4dda10b9fd94', '2dd920f2-5649-45e4-928c-fb5e2520cf07', b'0', '2023-12-09 10:28:31', 'ffd90ffd-3c5b-41a2-a05f-4dda10b9fd94', '2023-12-09 10:28:31', '00000000-0000-0000-0000-000000000000', 0);
INSERT INTO `Book` VALUES (1, 65.000000, 'ee1b62e0-876e-11ee-8a06-525400d40092', '2023-12-09 00:00:00', NULL, '', '零食', 'icon-lingshi', '#EE8D2E', '99bf3608-fe39-4ffd-92dc-fc73c4fbed61', '2de4dcbb-f2e8-4ee6-b0a1-a255f109ea3d', b'0', '2023-12-09 15:45:51', '99bf3608-fe39-4ffd-92dc-fc73c4fbed61', '2023-12-09 15:45:51', '00000000-0000-0000-0000-000000000000', 0);
INSERT INTO `Book` VALUES (2, 168.500000, '2a364734-876f-11ee-8a06-525400d40092', '2023-12-10 00:00:00', NULL, '', '理财', 'icon-licai', '#FDC526', 'dfcb493f-b058-4daf-9f9e-71776c337ec8', '2f91c7a1-5e2a-4dd7-b6e5-79bf0051e3aa', b'1', '2023-12-10 12:00:40', 'dfcb493f-b058-4daf-9f9e-71776c337ec8', '2023-12-10 12:00:40', '00000000-0000-0000-0000-000000000000', 0);
INSERT INTO `Book` VALUES (2, 168.130000, '9291eae7-876f-11ee-8a06-525400d40092', '2023-12-11 00:00:00', NULL, '', '工资', 'icon-gongzi', '#FDC526', 'dfcb493f-b058-4daf-9f9e-71776c337ec8', '3072f680-360b-4853-b511-ea1e548b5a2d', b'1', '2023-12-11 12:24:23', 'dfcb493f-b058-4daf-9f9e-71776c337ec8', '2023-12-11 12:24:23', '00000000-0000-0000-0000-000000000000', 0);
INSERT INTO `Book` VALUES (1, 12.000000, 'ee129691-876e-11ee-8a06-525400d40092', '2024-01-10 00:00:00', NULL, '', '购物', 'icon-gouwu', '#E82782', 'df811e91-56c5-406e-91fe-d4c6bb7e4ba0', '34c7afb6-3f4d-44e2-9e37-4ad14facc0f9', b'0', '2024-01-10 13:47:07', 'df811e91-56c5-406e-91fe-d4c6bb7e4ba0', '2024-01-10 13:47:07', '00000000-0000-0000-0000-000000000000', 0);
INSERT INTO `Book` VALUES (2, 200.000000, '9291eae7-876f-11ee-8a06-525400d40092', '2024-01-08 00:00:00', NULL, '', '工资', 'icon-gongzi', '#FDC526', '6514f07f-66c5-4339-8976-4df66834a196', '3816eb20-c8b4-4389-932d-07a4201a1501', b'0', '2024-01-08 11:33:26', '6514f07f-66c5-4339-8976-4df66834a196', '2024-01-08 11:33:26', '00000000-0000-0000-0000-000000000000', 0);
INSERT INTO `Book` VALUES (1, 6.000000, 'ee1085cc-876e-11ee-8a06-525400d40092', '2023-12-19 00:00:00', NULL, '', '交通', 'icon-jiaotong', '#AF362E', '6714d10c-49ec-46c1-a2e1-1873a0436598', '38b83514-a026-44fb-8c31-660dc98dc619', b'0', '2023-12-19 18:58:51', '6714d10c-49ec-46c1-a2e1-1873a0436598', '2023-12-19 18:58:51', '00000000-0000-0000-0000-000000000000', 0);
INSERT INTO `Book` VALUES (2, 168.130000, '2a364734-876f-11ee-8a06-525400d40092', '2023-12-11 00:00:00', NULL, '', '理财', 'icon-licai', '#FDC526', 'dfcb493f-b058-4daf-9f9e-71776c337ec8', '3cb86a26-9dc4-41c2-b540-12edc54bafc8', b'0', '2023-12-11 12:28:32', 'dfcb493f-b058-4daf-9f9e-71776c337ec8', '2023-12-11 12:28:32', '00000000-0000-0000-0000-000000000000', 0);
INSERT INTO `Book` VALUES (2, 365.000000, '2a381bee-876f-11ee-8a06-525400d40092', '2023-12-09 00:00:00', NULL, '', '兼职', 'icon-jianzhi', '#FDC526', '99bf3608-fe39-4ffd-92dc-fc73c4fbed61', '3f26a05f-4bed-4d4e-8595-4c87cb2bf14e', b'0', '2023-12-09 15:46:02', '99bf3608-fe39-4ffd-92dc-fc73c4fbed61', '2023-12-09 15:46:02', '00000000-0000-0000-0000-000000000000', 0);
INSERT INTO `Book` VALUES (1, 15.000000, 'ee14c0b4-876e-11ee-8a06-525400d40092', '2023-12-17 00:00:00', NULL, '', '吃喝', 'icon-canyin', '#FDC526', '6714d10c-49ec-46c1-a2e1-1873a0436598', '3fff15a0-af9d-4c6c-b1ed-8ff2509a1155', b'0', '2023-12-17 19:08:20', '6714d10c-49ec-46c1-a2e1-1873a0436598', '2023-12-17 19:08:20', '00000000-0000-0000-0000-000000000000', 0);
INSERT INTO `Book` VALUES (2, 25.000000, '9291eae7-876f-11ee-8a06-525400d40092', '2023-11-20 00:00:00', NULL, '', '工资', 'icon-gongzi', '#FDC526', '805e43cd-f512-49cd-a4e4-6b7b3768718f', '40326bc1-17c0-4a94-9305-59c6c9ebf5a3', b'0', '2023-11-20 14:42:51', '805e43cd-f512-49cd-a4e4-6b7b3768718f', '2023-11-20 14:42:51', '00000000-0000-0000-0000-000000000000', 0);
INSERT INTO `Book` VALUES (1, 55.000000, 'ee0dc558-876e-11ee-8a06-525400d40092', '2023-12-07 00:00:00', NULL, '', '居家', 'icon-jujia', '#EA5C2E', 'e2c7d372-7898-4d0c-b1e5-c9b1d336dd4a', '40724144-5038-4831-a2a2-e3e3633f91e3', b'1', '2023-12-07 15:31:29', 'e2c7d372-7898-4d0c-b1e5-c9b1d336dd4a', '2023-12-07 15:31:29', '00000000-0000-0000-0000-000000000000', 0);
INSERT INTO `Book` VALUES (1, 3.000000, 'ee0dc558-876e-11ee-8a06-525400d40092', '2023-12-01 00:00:00', NULL, '', '居家', 'icon-jujia', '#EA5C2E', '64e9bf7d-71a5-4944-ba2a-ee137c9dbe2b', '4529d956-e022-47e4-af06-8af9d16169a7', b'0', '2023-12-01 09:52:57', '64e9bf7d-71a5-4944-ba2a-ee137c9dbe2b', '2023-12-01 09:52:57', '00000000-0000-0000-0000-000000000000', 0);
INSERT INTO `Book` VALUES (1, 15.000000, 'ee0dc558-876e-11ee-8a06-525400d40092', '2023-12-21 00:00:00', NULL, '', '居家', 'icon-jujia', '#EA5C2E', '8460eaaa-a240-4840-9b4d-0b382f5d8fe5', '459f0033-aeb8-4b79-bf7c-6088b5bee571', b'0', '2023-12-21 15:11:42', '8460eaaa-a240-4840-9b4d-0b382f5d8fe5', '2023-12-21 15:11:42', '00000000-0000-0000-0000-000000000000', 0);
INSERT INTO `Book` VALUES (2, 155.000000, '9291eae7-876f-11ee-8a06-525400d40092', '2024-01-09 00:00:00', NULL, '', '工资', 'icon-gongzi', '#FDC526', '415c1522-ba37-4f8b-a241-087b21847865', '470c4d16-581a-40fa-a4e1-91ae7f818fb2', b'1', '2024-01-09 19:19:02', '415c1522-ba37-4f8b-a241-087b21847865', '2024-01-09 19:19:02', '00000000-0000-0000-0000-000000000000', 0);
INSERT INTO `Book` VALUES (1, 22.000000, 'ee1d564f-876e-11ee-8a06-525400d40092', '2023-12-23 00:00:00', NULL, 'u', '社交', 'icon-shejiao', '#B4CD34', '9fb7378a-2fd2-451b-b63f-351240b7d8a6', '4bea75e3-b56d-43bc-a8ee-937c23dc6044', b'0', '2023-12-23 11:01:57', '9fb7378a-2fd2-451b-b63f-351240b7d8a6', '2023-12-23 11:01:57', '00000000-0000-0000-0000-000000000000', 0);
INSERT INTO `Book` VALUES (1, 30.000000, 'ee14c0b4-876e-11ee-8a06-525400d40092', '2023-12-18 00:00:00', NULL, '', '吃喝', 'icon-canyin', '#FDC526', '6714d10c-49ec-46c1-a2e1-1873a0436598', '4c1e41d6-48c0-4ef1-8aa9-c155c0bde6b0', b'0', '2023-12-18 19:05:32', '6714d10c-49ec-46c1-a2e1-1873a0436598', '2023-12-18 19:05:32', '00000000-0000-0000-0000-000000000000', 0);
INSERT INTO `Book` VALUES (1, 100.000000, 'ee0dc558-876e-11ee-8a06-525400d40092', '2023-12-25 00:00:00', NULL, '外卖', '居家', 'icon-jujia', '#EA5C2E', '267f2ddb-e492-46ac-b796-d7196670b53e', '4e4f9467-315d-45df-bd63-c2561a760a38', b'0', '2023-12-25 15:06:01', '267f2ddb-e492-46ac-b796-d7196670b53e', '2023-12-25 15:06:01', '00000000-0000-0000-0000-000000000000', 0);
INSERT INTO `Book` VALUES (1, 11.000000, 'ee0dc558-876e-11ee-8a06-525400d40092', '2024-01-04 00:00:00', NULL, '', '居家', 'icon-jujia', '#EA5C2E', '2e051d2a-012f-4bc0-aa15-7d2cf88b75f9', '4ec242d8-9ed4-4abc-9378-f1ee445e52e8', b'0', '2024-01-04 17:34:27', '2e051d2a-012f-4bc0-aa15-7d2cf88b75f9', '2024-01-04 17:34:27', '00000000-0000-0000-0000-000000000000', 0);
INSERT INTO `Book` VALUES (2, 100000.000000, '2a381bee-876f-11ee-8a06-525400d40092', '2024-01-10 00:00:00', NULL, '', '兼职', 'icon-jianzhi', '#FDC526', 'a53f216d-4013-423c-8e6e-2375bcc993ad', '5307c5bc-f689-4649-acc9-7649924796d9', b'0', '2024-01-10 09:29:46', 'a53f216d-4013-423c-8e6e-2375bcc993ad', '2024-01-10 09:29:46', '00000000-0000-0000-0000-000000000000', 0);
INSERT INTO `Book` VALUES (1, 22.000000, 'f3e56387-876c-11ee-8a06-525400d40092', '2023-11-20 00:00:00', NULL, '', '服饰', 'icon-fushi', '#000', '805e43cd-f512-49cd-a4e4-6b7b3768718f', '56acd4a5-8c39-4ed6-a4fb-c2bf54115f88', b'0', '2023-11-20 14:26:40', '805e43cd-f512-49cd-a4e4-6b7b3768718f', '2023-11-20 14:26:40', '00000000-0000-0000-0000-000000000000', 0);
INSERT INTO `Book` VALUES (1, 20.000000, 'ee0dc558-876e-11ee-8a06-525400d40092', '2024-01-08 00:00:00', NULL, '', '居家', 'icon-jujia', '#EA5C2E', '6514f07f-66c5-4339-8976-4df66834a196', '582a77d3-bc30-4901-86b8-d397a6abf4f0', b'0', '2024-01-08 11:32:59', '6514f07f-66c5-4339-8976-4df66834a196', '2024-01-08 11:32:59', '00000000-0000-0000-0000-000000000000', 0);
INSERT INTO `Book` VALUES (1, 55.000000, 'ee1b62e0-876e-11ee-8a06-525400d40092', '2024-01-04 00:00:00', NULL, '', '零食', 'icon-lingshi', '#EE8D2E', '2e051d2a-012f-4bc0-aa15-7d2cf88b75f9', '58648439-135f-43a3-967b-8d30b6f718bf', b'0', '2024-01-04 17:34:33', '2e051d2a-012f-4bc0-aa15-7d2cf88b75f9', '2024-01-04 17:34:33', '00000000-0000-0000-0000-000000000000', 0);
INSERT INTO `Book` VALUES (1, 455.000000, 'ee1b62e0-876e-11ee-8a06-525400d40092', '2023-12-09 00:00:00', NULL, '', '零食', 'icon-lingshi', '#EE8D2E', '3c2b0dc9-c290-48b3-bb51-4d1cc4cba3a9', '59e7868d-53fc-4e5b-88fe-2207c0aa68a2', b'0', '2023-12-09 00:23:53', '3c2b0dc9-c290-48b3-bb51-4d1cc4cba3a9', '2023-12-09 00:23:53', '00000000-0000-0000-0000-000000000000', 0);
INSERT INTO `Book` VALUES (1, 46.400000, 'ee129691-876e-11ee-8a06-525400d40092', '2023-12-02 00:00:00', NULL, '鸭脖', '购物', 'icon-gouwu', '#E82782', 'ae95430c-9a66-4880-a3a9-1d7721c2cfbc', '5d33d014-1b5d-4baf-95dc-8926e73ceb9c', b'0', '2023-12-02 17:37:18', 'ae95430c-9a66-4880-a3a9-1d7721c2cfbc', '2023-12-02 17:37:18', '00000000-0000-0000-0000-000000000000', 0);
INSERT INTO `Book` VALUES (1, 20.000000, 'ee1085cc-876e-11ee-8a06-525400d40092', '2023-12-16 00:00:00', NULL, '', '交通', 'icon-jiaotong', '#AF362E', 'e9eb829e-b592-4ff8-aeea-9d6a548ed950', '60283f76-6c48-43b2-a017-4bb33e25abfc', b'0', '2023-12-16 01:14:48', 'e9eb829e-b592-4ff8-aeea-9d6a548ed950', '2023-12-16 01:14:48', '00000000-0000-0000-0000-000000000000', 0);
INSERT INTO `Book` VALUES (1, 50.000000, 'ee0dc558-876e-11ee-8a06-525400d40092', '2023-12-21 00:00:00', NULL, '', '居家', 'icon-jujia', '#EA5C2E', '6714d10c-49ec-46c1-a2e1-1873a0436598', '61f49a73-3a27-4d9f-8dee-4a991aabd25c', b'0', '2023-12-21 13:58:53', '6714d10c-49ec-46c1-a2e1-1873a0436598', '2023-12-21 13:58:53', '00000000-0000-0000-0000-000000000000', 0);
INSERT INTO `Book` VALUES (1, 22.000000, 'f3e56387-876c-11ee-8a06-525400d40092', '2023-12-15 00:00:00', NULL, '', '服饰', 'icon-fushi', '#E5342E', '0652908d-10c1-4085-841a-a52f6c9a4d1b', '62fad8bb-7d60-4fb7-a85c-18721f525a84', b'0', '2023-12-15 14:49:12', '0652908d-10c1-4085-841a-a52f6c9a4d1b', '2023-12-15 14:49:12', '00000000-0000-0000-0000-000000000000', 0);
INSERT INTO `Book` VALUES (1, 80.000000, 'ee1d564f-876e-11ee-8a06-525400d40092', '2023-12-21 00:00:00', NULL, '', '社交', 'icon-shejiao', '#B4CD34', '6714d10c-49ec-46c1-a2e1-1873a0436598', '6528e54c-e3fa-4582-bf55-38f42f4a88ce', b'0', '2023-12-21 13:59:18', '6714d10c-49ec-46c1-a2e1-1873a0436598', '2023-12-21 13:59:18', '00000000-0000-0000-0000-000000000000', 0);
INSERT INTO `Book` VALUES (2, 155.000000, '9291eae7-876f-11ee-8a06-525400d40092', '2024-01-09 00:00:00', NULL, '', '工资', 'icon-gongzi', '#FDC526', '415c1522-ba37-4f8b-a241-087b21847865', '6939151b-55d0-47da-b84e-4850f1f45291', b'0', '2024-01-09 19:30:03', '415c1522-ba37-4f8b-a241-087b21847865', '2024-01-09 19:30:03', '00000000-0000-0000-0000-000000000000', 0);
INSERT INTO `Book` VALUES (2, 151.840000, '2a364734-876f-11ee-8a06-525400d40092', '2023-12-14 00:00:00', NULL, '', '理财', 'icon-licai', '#FDC526', 'dfcb493f-b058-4daf-9f9e-71776c337ec8', '69c41436-b395-4a9f-a467-4828cd81f17f', b'0', '2023-12-14 12:53:28', 'dfcb493f-b058-4daf-9f9e-71776c337ec8', '2023-12-14 12:53:28', '00000000-0000-0000-0000-000000000000', 0);
INSERT INTO `Book` VALUES (1, 5.000000, 'f3e56387-876c-11ee-8a06-525400d40092', '2023-12-04 00:00:00', NULL, '', '服饰', 'icon-fushi', '#E5342E', '0e16c08d-9760-40a1-8817-3a051a6a2b22', '6b121c11-d10e-41b2-ac1a-ce1267487e8f', b'0', '2023-12-04 01:22:13', '0e16c08d-9760-40a1-8817-3a051a6a2b22', '2023-12-04 01:22:13', '00000000-0000-0000-0000-000000000000', 0);
INSERT INTO `Book` VALUES (1, 22.000000, 'ee14c0b4-876e-11ee-8a06-525400d40092', '2024-01-10 00:00:00', NULL, '', '吃喝', 'icon-canyin', '#FDC526', '468b743f-3aaa-437d-b9c7-e7df57ab9014', '6bbf1e55-1231-4d59-9749-c6f88ebde4ca', b'0', '2024-01-10 05:59:44', '468b743f-3aaa-437d-b9c7-e7df57ab9014', '2024-01-10 05:59:44', '00000000-0000-0000-0000-000000000000', 0);
INSERT INTO `Book` VALUES (2, 120.000000, '2a364734-876f-11ee-8a06-525400d40092', '2023-12-04 00:00:00', NULL, '', '理财', 'icon-licai', '#FDC526', 'dfcb493f-b058-4daf-9f9e-71776c337ec8', '6d77f3f1-7986-4b46-b882-d7acd2daffa8', b'0', '2023-12-04 12:01:49', 'dfcb493f-b058-4daf-9f9e-71776c337ec8', '2023-12-04 12:01:49', '00000000-0000-0000-0000-000000000000', 0);
INSERT INTO `Book` VALUES (1, 8.000000, 'ee0dc558-876e-11ee-8a06-525400d40092', '2023-11-24 00:00:00', NULL, '', '居家', 'icon-jujia', '#EA5C2E', '15f1fe79-a079-4b53-9b91-e20b86524ca9', '6e7f21b6-d76b-4e7a-9508-ec2c2eeba25e', b'0', '2023-11-24 19:53:34', '15f1fe79-a079-4b53-9b91-e20b86524ca9', '2023-11-24 19:53:34', '00000000-0000-0000-0000-000000000000', 0);
INSERT INTO `Book` VALUES (2, 149.000000, '9291eae7-876f-11ee-8a06-525400d40092', '2024-01-07 00:00:00', NULL, '', '工资', 'icon-gongzi', '#FDC526', '415c1522-ba37-4f8b-a241-087b21847865', '6f61a519-036d-41ca-8497-51ea6b8aecd2', b'0', '2024-01-07 21:25:00', '415c1522-ba37-4f8b-a241-087b21847865', '2024-01-07 21:25:00', '00000000-0000-0000-0000-000000000000', 0);
INSERT INTO `Book` VALUES (2, 20000.000000, '9291eae7-876f-11ee-8a06-525400d40092', '2024-01-04 00:00:00', NULL, '12月工资', '工资', 'icon-gongzi', '#FDC526', 'b9c84162-951e-473a-bdb9-f8920c9dbb58', '721ccdce-23e8-4523-aee5-10f70e9820b9', b'0', '2024-01-04 19:00:18', 'b9c84162-951e-473a-bdb9-f8920c9dbb58', '2024-01-04 19:00:18', '00000000-0000-0000-0000-000000000000', 0);
INSERT INTO `Book` VALUES (2, 179.000000, '2a364734-876f-11ee-8a06-525400d40092', '2024-01-06 00:00:00', NULL, '', '理财', 'icon-licai', '#FDC526', '415c1522-ba37-4f8b-a241-087b21847865', '735af11e-1ee9-4169-8219-b6b72479a86e', b'1', '2024-01-06 19:10:05', '415c1522-ba37-4f8b-a241-087b21847865', '2024-01-06 19:10:05', '00000000-0000-0000-0000-000000000000', 0);
INSERT INTO `Book` VALUES (1, 25.000000, 'ee1b62e0-876e-11ee-8a06-525400d40092', '2023-12-09 00:00:00', NULL, '', '零食', 'icon-lingshi', '#EE8D2E', '99bf3608-fe39-4ffd-92dc-fc73c4fbed61', '748901cd-ed03-45fd-b1ef-9b0583031330', b'0', '2023-12-09 15:45:44', '99bf3608-fe39-4ffd-92dc-fc73c4fbed61', '2023-12-09 15:45:44', '00000000-0000-0000-0000-000000000000', 0);
INSERT INTO `Book` VALUES (2, 183.300000, '9291eae7-876f-11ee-8a06-525400d40092', '2023-12-05 00:00:00', NULL, '', '工资', 'icon-gongzi', '#FDC526', 'dfcb493f-b058-4daf-9f9e-71776c337ec8', '74e8aa28-db58-49dc-9139-72a5c5069f57', b'0', '2023-12-05 12:55:26', 'dfcb493f-b058-4daf-9f9e-71776c337ec8', '2023-12-05 12:55:26', '00000000-0000-0000-0000-000000000000', 0);
INSERT INTO `Book` VALUES (1, 30.000000, 'ee1085cc-876e-11ee-8a06-525400d40092', '2023-12-22 00:00:00', NULL, '', '交通', 'icon-jiaotong', '#AF362E', '6714d10c-49ec-46c1-a2e1-1873a0436598', '781c1ee8-0a8e-471e-80d1-a57192a483e9', b'0', '2023-12-22 19:59:55', '6714d10c-49ec-46c1-a2e1-1873a0436598', '2023-12-22 19:59:55', '00000000-0000-0000-0000-000000000000', 0);
INSERT INTO `Book` VALUES (1, 8.200000, 'ee129691-876e-11ee-8a06-525400d40092', '2024-01-02 00:00:00', NULL, '买菜', '购物', 'icon-gouwu', '#E82782', '9eab65ba-1a85-4b95-954a-7dd66733c507', '7a7e5cda-c7e6-4d72-8f01-d917a8349140', b'0', '2024-01-02 11:02:54', '9eab65ba-1a85-4b95-954a-7dd66733c507', '2024-01-02 11:02:54', '00000000-0000-0000-0000-000000000000', 0);
INSERT INTO `Book` VALUES (1, 13.000000, 'ee1b62e0-876e-11ee-8a06-525400d40092', '2024-01-10 00:00:00', NULL, '', '零食', 'icon-lingshi', '#EE8D2E', 'df811e91-56c5-406e-91fe-d4c6bb7e4ba0', '7ad40938-9a83-462d-8027-bfc7b9211189', b'0', '2024-01-10 13:47:13', 'df811e91-56c5-406e-91fe-d4c6bb7e4ba0', '2024-01-10 13:47:13', '00000000-0000-0000-0000-000000000000', 0);
INSERT INTO `Book` VALUES (1, 555.000000, 'ee129691-876e-11ee-8a06-525400d40092', '2024-01-10 00:00:00', NULL, '', '购物', 'icon-gouwu', '#E82782', '468b743f-3aaa-437d-b9c7-e7df57ab9014', '7b3fa85e-09e5-4e5b-96f1-07e5d1333378', b'0', '2024-01-10 05:59:36', '468b743f-3aaa-437d-b9c7-e7df57ab9014', '2024-01-10 05:59:36', '00000000-0000-0000-0000-000000000000', 0);
INSERT INTO `Book` VALUES (2, 179.000000, '9291eae7-876f-11ee-8a06-525400d40092', '2024-01-06 00:00:00', NULL, '', '工资', 'icon-gongzi', '#FDC526', '415c1522-ba37-4f8b-a241-087b21847865', '7bf50db5-7516-492d-8c38-9e0b1c185d72', b'1', '2024-01-06 19:22:43', '415c1522-ba37-4f8b-a241-087b21847865', '2024-01-06 19:22:43', '00000000-0000-0000-0000-000000000000', 0);
INSERT INTO `Book` VALUES (2, 5000.000000, '9291eae7-876f-11ee-8a06-525400d40092', '2023-11-24 00:00:00', NULL, '', '工资', 'icon-gongzi', '#FDC526', '15f1fe79-a079-4b53-9b91-e20b86524ca9', '7cbb787c-b1c8-465d-982a-83c7a0703ffc', b'0', '2023-11-24 19:54:00', '15f1fe79-a079-4b53-9b91-e20b86524ca9', '2023-11-24 19:54:00', '00000000-0000-0000-0000-000000000000', 0);
INSERT INTO `Book` VALUES (2, 179.000000, '9291eae7-876f-11ee-8a06-525400d40092', '2024-01-06 00:00:00', NULL, '', '工资', 'icon-gongzi', '#FDC526', '415c1522-ba37-4f8b-a241-087b21847865', '7f52ac45-f3e4-4d83-806a-029cca65edb5', b'1', '2024-01-06 19:26:09', '415c1522-ba37-4f8b-a241-087b21847865', '2024-01-06 19:26:09', '00000000-0000-0000-0000-000000000000', 0);
INSERT INTO `Book` VALUES (1, 2694.000000, 'ee1d564f-876e-11ee-8a06-525400d40092', '2023-12-12 00:00:00', NULL, '', '社交', 'icon-shejiao', '#B4CD34', '1180d368-8266-4302-bf89-53936dae0e85', '82e79eac-8c6c-4932-b387-4be1ffb8b4b0', b'0', '2023-12-12 17:47:06', '1180d368-8266-4302-bf89-53936dae0e85', '2023-12-12 17:47:06', '00000000-0000-0000-0000-000000000000', 0);
INSERT INTO `Book` VALUES (1, 2000.000000, 'ee14c0b4-876e-11ee-8a06-525400d40092', '2024-01-04 00:00:00', NULL, '吃快餐', '吃喝', 'icon-canyin', '#FDC526', 'b9c84162-951e-473a-bdb9-f8920c9dbb58', '87c02df6-637a-41d0-a706-1d806d695457', b'0', '2024-01-04 19:00:40', 'b9c84162-951e-473a-bdb9-f8920c9dbb58', '2024-01-04 19:00:40', '00000000-0000-0000-0000-000000000000', 0);
INSERT INTO `Book` VALUES (2, 2222.000000, '9291eae7-876f-11ee-8a06-525400d40092', '2024-01-10 00:00:00', NULL, '', '工资', 'icon-gongzi', '#FDC526', '468b743f-3aaa-437d-b9c7-e7df57ab9014', '884d5939-481f-4ceb-8226-400ea3e064ba', b'0', '2024-01-10 05:59:50', '468b743f-3aaa-437d-b9c7-e7df57ab9014', '2024-01-10 05:59:50', '00000000-0000-0000-0000-000000000000', 0);
INSERT INTO `Book` VALUES (2, 12.000000, '9291eae7-876f-11ee-8a06-525400d40092', '2023-12-04 00:00:00', NULL, '', '工资', 'icon-gongzi', '#FDC526', 'dfcb493f-b058-4daf-9f9e-71776c337ec8', '8965f69e-fc2e-4df7-986f-363bf0560834', b'1', '2023-12-04 12:01:23', 'dfcb493f-b058-4daf-9f9e-71776c337ec8', '2023-12-04 12:01:23', '00000000-0000-0000-0000-000000000000', 0);
INSERT INTO `Book` VALUES (1, 25.000000, 'ee0dc558-876e-11ee-8a06-525400d40092', '2023-11-26 00:00:00', NULL, '', '居家', 'icon-jujia', '#EA5C2E', 'ad8c16b6-040b-40ba-9e89-ac39ac3dfc82', '8c03cb8d-86cd-4081-991a-f37653c6a332', b'0', '2023-11-26 09:09:00', 'ad8c16b6-040b-40ba-9e89-ac39ac3dfc82', '2023-11-26 09:09:00', '00000000-0000-0000-0000-000000000000', 0);
INSERT INTO `Book` VALUES (1, 58648.000000, 'ee0dc558-876e-11ee-8a06-525400d40092', '2023-12-07 00:00:00', NULL, '', '居家', 'icon-jujia', '#EA5C2E', 'e2c7d372-7898-4d0c-b1e5-c9b1d336dd4a', '8c4c07c3-df05-4cbd-9c2b-563bfaa58eb2', b'1', '2023-12-07 21:45:43', 'e2c7d372-7898-4d0c-b1e5-c9b1d336dd4a', '2023-12-07 21:45:43', '00000000-0000-0000-0000-000000000000', 0);
INSERT INTO `Book` VALUES (2, 149.400000, '2a364734-876f-11ee-8a06-525400d40092', '2023-12-13 00:00:00', NULL, '', '理财', 'icon-licai', '#FDC526', 'dfcb493f-b058-4daf-9f9e-71776c337ec8', '8c602920-10d2-4ecf-8f91-d2667fa64b99', b'0', '2023-12-13 12:00:58', 'dfcb493f-b058-4daf-9f9e-71776c337ec8', '2023-12-13 12:00:58', '00000000-0000-0000-0000-000000000000', 0);
INSERT INTO `Book` VALUES (1, 7000.000000, 'f3e56387-876c-11ee-8a06-525400d40092', '2023-12-25 00:00:00', NULL, '支出', '服饰', 'icon-fushi', '#E5342E', '57704d02-9e39-4a27-9d12-d4f3c23846e7', '8ca5df41-b1a3-4911-bda7-f67d56a40f3b', b'0', '2023-12-25 22:38:26', '57704d02-9e39-4a27-9d12-d4f3c23846e7', '2023-12-25 22:38:26', '00000000-0000-0000-0000-000000000000', 0);
INSERT INTO `Book` VALUES (2, 149.000000, '2a364734-876f-11ee-8a06-525400d40092', '2024-01-07 00:00:00', NULL, '', '理财', 'icon-licai', '#FDC526', '415c1522-ba37-4f8b-a241-087b21847865', '8defe957-717b-475e-be5f-0b6bc09109a9', b'1', '2024-01-07 21:24:32', '415c1522-ba37-4f8b-a241-087b21847865', '2024-01-07 21:24:32', '00000000-0000-0000-0000-000000000000', 0);
INSERT INTO `Book` VALUES (1, 5.000000, 'ee1b62e0-876e-11ee-8a06-525400d40092', '2023-12-05 00:00:00', NULL, '', '零食', 'icon-lingshi', '#EE8D2E', 'bdfdc39b-1e6a-4bc4-9be7-13091fb23f18', '8ed2a42d-f579-4306-8200-20fdd958ba5c', b'0', '2023-12-05 17:54:04', 'bdfdc39b-1e6a-4bc4-9be7-13091fb23f18', '2023-12-05 17:54:04', '00000000-0000-0000-0000-000000000000', 0);
INSERT INTO `Book` VALUES (2, 25.000000, '2a381bee-876f-11ee-8a06-525400d40092', '2023-11-29 00:00:00', NULL, '', '兼职', 'icon-jianzhi', '#FDC526', '203edd2b-943b-47ca-91a1-21665a643ae8', '8f86ba89-1c5e-4ef6-97a3-edc440cb880f', b'1', '2023-11-29 17:50:25', '203edd2b-943b-47ca-91a1-21665a643ae8', '2023-11-29 17:50:25', '00000000-0000-0000-0000-000000000000', 0);
INSERT INTO `Book` VALUES (2, 80.000000, '2a381bee-876f-11ee-8a06-525400d40092', '2024-01-02 00:00:00', NULL, '', '兼职', 'icon-jianzhi', '#FDC526', '9eab65ba-1a85-4b95-954a-7dd66733c507', '96420a00-8849-4684-ad2f-53cf2a70b74f', b'0', '2024-01-02 11:03:35', '9eab65ba-1a85-4b95-954a-7dd66733c507', '2024-01-02 11:03:35', '00000000-0000-0000-0000-000000000000', 0);
INSERT INTO `Book` VALUES (1, 558.000000, 'ee1b62e0-876e-11ee-8a06-525400d40092', '2023-11-20 00:00:00', NULL, '', '零食', 'icon-lingshi', '#EE8D2E', '805e43cd-f512-49cd-a4e4-6b7b3768718f', '96866497-abd3-4e66-9e8b-82b9c4c049ff', b'0', '2023-11-20 14:42:44', '805e43cd-f512-49cd-a4e4-6b7b3768718f', '2023-11-20 14:42:44', '00000000-0000-0000-0000-000000000000', 0);
INSERT INTO `Book` VALUES (1, 20.000000, 'ee16ecbc-876e-11ee-8a06-525400d40092', '2023-12-17 00:00:00', NULL, '', '通讯', 'icon-tongxun', '#171717', '6714d10c-49ec-46c1-a2e1-1873a0436598', '9974fc56-9a7e-486a-8740-d3f707bc37a0', b'0', '2023-12-17 15:56:49', '6714d10c-49ec-46c1-a2e1-1873a0436598', '2023-12-17 15:56:49', '00000000-0000-0000-0000-000000000000', 0);
INSERT INTO `Book` VALUES (1, 6.000000, 'ee1085cc-876e-11ee-8a06-525400d40092', '2023-12-18 00:00:00', NULL, '', '交通', 'icon-jiaotong', '#AF362E', '6714d10c-49ec-46c1-a2e1-1873a0436598', '9add6e0c-4dfa-4d07-b46b-879c8d5b5b72', b'0', '2023-12-18 11:28:42', '6714d10c-49ec-46c1-a2e1-1873a0436598', '2023-12-18 11:28:42', '00000000-0000-0000-0000-000000000000', 0);
INSERT INTO `Book` VALUES (1, 47.000000, 'ee129691-876e-11ee-8a06-525400d40092', '2023-12-07 00:00:00', NULL, '', '购物', 'icon-gouwu', '#E82782', 'e2c7d372-7898-4d0c-b1e5-c9b1d336dd4a', '9ba2865a-f478-4b7c-8c28-65d0bb39bbf9', b'1', '2023-12-07 18:25:06', 'e2c7d372-7898-4d0c-b1e5-c9b1d336dd4a', '2023-12-07 18:25:06', '00000000-0000-0000-0000-000000000000', 0);
INSERT INTO `Book` VALUES (1, 68.000000, 'ee18fd2d-876e-11ee-8a06-525400d40092', '2023-12-28 00:00:00', NULL, '', '娱乐', 'icon-yule', '#EE8D2E', '1e3872ec-7909-44ac-a00c-fdc1abffa484', '9d291030-bafc-4596-b54f-68d5279b3564', b'0', '2023-12-28 09:32:05', '1e3872ec-7909-44ac-a00c-fdc1abffa484', '2023-12-28 09:32:05', '00000000-0000-0000-0000-000000000000', 0);
INSERT INTO `Book` VALUES (1, 56.000000, 'ee0dc558-876e-11ee-8a06-525400d40092', '2023-12-22 00:00:00', NULL, '', '居家', 'icon-jujia', '#EA5C2E', 'd3841a91-eddb-4bc9-b360-e3b23a5463e9', '9d968a62-78ba-4606-9f0a-5a007b2be5bb', b'0', '2023-12-22 14:36:36', 'd3841a91-eddb-4bc9-b360-e3b23a5463e9', '2023-12-22 14:36:36', '00000000-0000-0000-0000-000000000000', 0);
INSERT INTO `Book` VALUES (1, 25.000000, 'ee0dc558-876e-11ee-8a06-525400d40092', '2024-01-09 00:00:00', NULL, '', '居家', 'icon-jujia', '#EA5C2E', '39af4ef0-9124-438a-9dcd-d12e0fcf2d6d', 'a09111f3-089e-45ab-8f02-7b8eec6e1c65', b'0', '2024-01-09 10:22:26', '39af4ef0-9124-438a-9dcd-d12e0fcf2d6d', '2024-01-09 10:22:26', '00000000-0000-0000-0000-000000000000', 0);
INSERT INTO `Book` VALUES (1, 2.000000, 'ee0dc558-876e-11ee-8a06-525400d40092', '2023-12-22 00:00:00', NULL, '', '居家', 'icon-jujia', '#EA5C2E', '3a1bf734-e1aa-47b1-8c89-3f8c09d78c71', 'a0b025eb-324e-4a51-9d41-b62cb10615af', b'0', '2023-12-23 19:41:19', '3a1bf734-e1aa-47b1-8c89-3f8c09d78c71', '2023-12-23 19:41:19', '00000000-0000-0000-0000-000000000000', 0);
INSERT INTO `Book` VALUES (1, 59.000000, 'f3e56387-876c-11ee-8a06-525400d40092', '2023-12-17 00:00:00', NULL, '', '服饰', 'icon-fushi', '#E5342E', '6714d10c-49ec-46c1-a2e1-1873a0436598', 'a1d97a7e-1478-4294-8a83-d07a52e50b08', b'0', '2023-12-17 19:08:26', '6714d10c-49ec-46c1-a2e1-1873a0436598', '2023-12-17 19:08:26', '00000000-0000-0000-0000-000000000000', 0);
INSERT INTO `Book` VALUES (2, 132.590000, '9291eae7-876f-11ee-8a06-525400d40092', '2023-12-03 00:00:00', NULL, '', '工资', 'icon-gongzi', '#FDC526', 'dfcb493f-b058-4daf-9f9e-71776c337ec8', 'a277ad34-82c9-4bd2-9493-e04796a0d5b4', b'0', '2023-12-03 17:25:09', 'dfcb493f-b058-4daf-9f9e-71776c337ec8', '2023-12-03 17:25:09', '00000000-0000-0000-0000-000000000000', 0);
INSERT INTO `Book` VALUES (1, 60.000000, 'ee14c0b4-876e-11ee-8a06-525400d40092', '2023-12-22 00:00:00', NULL, '', '吃喝', 'icon-canyin', '#FDC526', '6714d10c-49ec-46c1-a2e1-1873a0436598', 'a33ec8b1-8fe1-41a0-be14-f592ee35a2a9', b'0', '2023-12-22 20:00:10', '6714d10c-49ec-46c1-a2e1-1873a0436598', '2023-12-22 20:00:10', '00000000-0000-0000-0000-000000000000', 0);
INSERT INTO `Book` VALUES (1, 36.000000, 'ee129691-876e-11ee-8a06-525400d40092', '2023-12-16 00:00:00', NULL, '', '购物', 'icon-gouwu', '#E82782', 'e2c7d372-7898-4d0c-b1e5-c9b1d336dd4a', 'a37854ef-2676-461f-b411-176ba677ecd6', b'0', '2023-12-16 18:18:14', 'e2c7d372-7898-4d0c-b1e5-c9b1d336dd4a', '2023-12-16 18:18:14', '00000000-0000-0000-0000-000000000000', 0);
INSERT INTO `Book` VALUES (1, 66.000000, 'ee129691-876e-11ee-8a06-525400d40092', '2023-12-16 00:00:00', NULL, '', '购物', 'icon-gouwu', '#E82782', 'e2c7d372-7898-4d0c-b1e5-c9b1d336dd4a', 'a46ee29d-27ae-4fca-b602-2bfc0d3ce0bd', b'0', '2023-12-16 19:17:57', 'e2c7d372-7898-4d0c-b1e5-c9b1d336dd4a', '2023-12-16 19:17:57', '00000000-0000-0000-0000-000000000000', 0);
INSERT INTO `Book` VALUES (1, 5.000000, 'ee0dc558-876e-11ee-8a06-525400d40092', '2024-01-10 00:00:00', NULL, '', '居家', 'icon-jujia', '#EA5C2E', 'df811e91-56c5-406e-91fe-d4c6bb7e4ba0', 'a5248e0f-1f8c-4c74-b868-ce9a264fd57d', b'0', '2024-01-10 13:46:17', 'df811e91-56c5-406e-91fe-d4c6bb7e4ba0', '2024-01-10 13:46:17', '00000000-0000-0000-0000-000000000000', 0);
INSERT INTO `Book` VALUES (1, 5.000000, 'ee1085cc-876e-11ee-8a06-525400d40092', '2023-12-21 00:00:00', NULL, '', '交通', 'icon-jiaotong', '#AF362E', '327641b9-67f1-47c8-86ae-b86139739387', 'a7423efd-0a0f-4815-b77e-f0d113d0cf6f', b'0', '2023-12-21 15:29:45', '327641b9-67f1-47c8-86ae-b86139739387', '2023-12-21 15:29:45', '00000000-0000-0000-0000-000000000000', 0);
INSERT INTO `Book` VALUES (2, 500.000000, '2a381bee-876f-11ee-8a06-525400d40092', '2023-12-16 00:00:00', NULL, '', '兼职', 'icon-jianzhi', '#FDC526', 'e9eb829e-b592-4ff8-aeea-9d6a548ed950', 'a812ef9e-5af9-4862-8094-05e2f82b434d', b'0', '2023-12-16 01:21:45', 'e9eb829e-b592-4ff8-aeea-9d6a548ed950', '2023-12-16 01:21:45', '00000000-0000-0000-0000-000000000000', 0);
INSERT INTO `Book` VALUES (1, 965.000000, 'ee129691-876e-11ee-8a06-525400d40092', '2023-12-29 00:00:00', NULL, '', '购物', 'icon-gouwu', '#E82782', '57704d02-9e39-4a27-9d12-d4f3c23846e7', 'accf8734-1af9-4fb8-bae9-16fdd9cd3f88', b'0', '2023-12-29 23:09:23', '57704d02-9e39-4a27-9d12-d4f3c23846e7', '2023-12-29 23:09:23', '00000000-0000-0000-0000-000000000000', 0);
INSERT INTO `Book` VALUES (1, 65.000000, 'ee129691-876e-11ee-8a06-525400d40092', '2023-12-22 00:00:00', NULL, '', '购物', 'icon-gouwu', '#E82782', 'd3841a91-eddb-4bc9-b360-e3b23a5463e9', 'acf56a64-1d3d-4eab-a1f9-404eb6d30ea7', b'0', '2023-12-22 14:36:44', 'd3841a91-eddb-4bc9-b360-e3b23a5463e9', '2023-12-22 14:36:44', '00000000-0000-0000-0000-000000000000', 0);
INSERT INTO `Book` VALUES (1, 55.000000, 'ee1085cc-876e-11ee-8a06-525400d40092', '2024-01-09 00:00:00', NULL, '', '交通', 'icon-jiaotong', '#AF362E', '39af4ef0-9124-438a-9dcd-d12e0fcf2d6d', 'adbd6b54-1724-4dc7-a4e8-832dd35cc006', b'0', '2024-01-09 10:22:48', '39af4ef0-9124-438a-9dcd-d12e0fcf2d6d', '2024-01-09 10:22:48', '00000000-0000-0000-0000-000000000000', 0);
INSERT INTO `Book` VALUES (2, 200.000000, '2a364734-876f-11ee-8a06-525400d40092', '2023-12-16 00:00:00', NULL, '', '理财', 'icon-licai', '#FDC526', 'e9eb829e-b592-4ff8-aeea-9d6a548ed950', 'ae8c49be-c683-4407-bb28-6267ae1c75aa', b'0', '2023-12-16 01:21:08', 'e9eb829e-b592-4ff8-aeea-9d6a548ed950', '2023-12-16 01:21:08', '00000000-0000-0000-0000-000000000000', 0);
INSERT INTO `Book` VALUES (1, 3.000000, 'f3e56387-876c-11ee-8a06-525400d40092', '2024-01-01 00:00:00', NULL, '', '服饰', 'icon-fushi', '#E5342E', '14e1d2d6-8d13-403b-b575-21476e2ebf01', 'af37e774-c201-4109-b5fd-349f49515654', b'0', '2024-01-01 21:00:58', '14e1d2d6-8d13-403b-b575-21476e2ebf01', '2024-01-01 21:00:58', '00000000-0000-0000-0000-000000000000', 0);
INSERT INTO `Book` VALUES (1, 3655.000000, 'ee129691-876e-11ee-8a06-525400d40092', '2023-12-29 00:00:00', NULL, '', '购物', 'icon-gouwu', '#E82782', '57704d02-9e39-4a27-9d12-d4f3c23846e7', 'afee5d99-b2cc-4615-9106-998e910872b3', b'0', '2023-12-29 23:08:49', '57704d02-9e39-4a27-9d12-d4f3c23846e7', '2023-12-29 23:08:49', '00000000-0000-0000-0000-000000000000', 0);
INSERT INTO `Book` VALUES (1, 154.000000, 'ee0dc558-876e-11ee-8a06-525400d40092', '2023-12-16 00:00:00', NULL, '', '居家', 'icon-jujia', '#EA5C2E', 'e2c7d372-7898-4d0c-b1e5-c9b1d336dd4a', 'aff3416d-9d9d-402e-9b10-1893ffb11f82', b'0', '2023-12-16 18:19:11', 'e2c7d372-7898-4d0c-b1e5-c9b1d336dd4a', '2023-12-16 18:19:11', '00000000-0000-0000-0000-000000000000', 0);
INSERT INTO `Book` VALUES (1, 12.000000, 'ee16ecbc-876e-11ee-8a06-525400d40092', '2023-12-08 00:00:00', NULL, '', '通讯', 'icon-tongxun', '#171717', '033facb7-f941-4438-b7cb-ff9f13db64e8', 'b038ff49-32b4-415e-94b3-2182ca9c9a1f', b'0', '2023-12-08 10:59:51', '033facb7-f941-4438-b7cb-ff9f13db64e8', '2023-12-08 10:59:51', '00000000-0000-0000-0000-000000000000', 0);
INSERT INTO `Book` VALUES (1, 16.000000, 'f3e56387-876c-11ee-8a06-525400d40092', '2023-12-17 00:00:00', NULL, '', '服饰', 'icon-fushi', '#E5342E', '6714d10c-49ec-46c1-a2e1-1873a0436598', 'b1345e11-460e-433b-ac6b-0737e288cbd3', b'0', '2023-12-17 19:13:28', '6714d10c-49ec-46c1-a2e1-1873a0436598', '2023-12-17 19:13:28', '00000000-0000-0000-0000-000000000000', 0);
INSERT INTO `Book` VALUES (1, 16.000000, 'ee1085cc-876e-11ee-8a06-525400d40092', '2023-12-28 00:00:00', NULL, '', '交通', 'icon-jiaotong', '#AF362E', 'af36d5ac-8d18-47f8-97f7-1991ba1aa09c', 'b2a333db-f90c-4598-8fd9-9892740f0289', b'0', '2023-12-28 21:20:12', 'af36d5ac-8d18-47f8-97f7-1991ba1aa09c', '2023-12-28 21:20:12', '00000000-0000-0000-0000-000000000000', 0);
INSERT INTO `Book` VALUES (1, 50.000000, 'ee14c0b4-876e-11ee-8a06-525400d40092', '2023-12-19 00:00:00', NULL, '', '吃喝', 'icon-canyin', '#FDC526', '6714d10c-49ec-46c1-a2e1-1873a0436598', 'b44fa574-8912-444f-85f0-d42df5bff50c', b'0', '2023-12-19 18:59:25', '6714d10c-49ec-46c1-a2e1-1873a0436598', '2023-12-19 18:59:25', '00000000-0000-0000-0000-000000000000', 0);
INSERT INTO `Book` VALUES (1, 50.000000, 'ee1d564f-876e-11ee-8a06-525400d40092', '2023-12-28 00:00:00', NULL, '', '社交', 'icon-shejiao', '#B4CD34', '96c64bdd-5394-4742-b279-ca8e944b047f', 'b478ea9d-12c2-4ad7-aa37-84f8b8dc1df1', b'0', '2023-12-28 17:38:43', '96c64bdd-5394-4742-b279-ca8e944b047f', '2023-12-28 17:38:43', '00000000-0000-0000-0000-000000000000', 0);
INSERT INTO `Book` VALUES (1, 652.000000, 'ee1b62e0-876e-11ee-8a06-525400d40092', '2023-12-29 00:00:00', NULL, '', '零食', 'icon-lingshi', '#EE8D2E', '57704d02-9e39-4a27-9d12-d4f3c23846e7', 'b5430df7-9e8b-4079-8029-71de76cc1879', b'0', '2023-12-29 23:09:13', '57704d02-9e39-4a27-9d12-d4f3c23846e7', '2023-12-29 23:09:13', '00000000-0000-0000-0000-000000000000', 0);
INSERT INTO `Book` VALUES (2, 168.000000, '9291eae7-876f-11ee-8a06-525400d40092', '2024-01-05 00:00:00', NULL, '', '工资', 'icon-gongzi', '#FDC526', '415c1522-ba37-4f8b-a241-087b21847865', 'b680422c-8017-45aa-b6fa-2fbc2f38dd7f', b'0', '2024-01-05 19:16:29', '415c1522-ba37-4f8b-a241-087b21847865', '2024-01-05 19:16:29', '00000000-0000-0000-0000-000000000000', 0);
INSERT INTO `Book` VALUES (1, 12.000000, 'ee0dc558-876e-11ee-8a06-525400d40092', '2023-12-18 00:00:00', NULL, '', '居家', 'icon-jujia', '#EA5C2E', '4c5e2401-32ca-425a-8f7e-ac48cfe4eda1', 'b6f0905e-3dad-464b-a25a-0705859f1283', b'0', '2023-12-18 16:52:55', '4c5e2401-32ca-425a-8f7e-ac48cfe4eda1', '2023-12-18 16:52:55', '00000000-0000-0000-0000-000000000000', 0);
INSERT INTO `Book` VALUES (2, 482.000000, '9291eae7-876f-11ee-8a06-525400d40092', '2024-01-04 00:00:00', NULL, '', '工资', 'icon-gongzi', '#FDC526', '415c1522-ba37-4f8b-a241-087b21847865', 'b8f806d9-bf83-4064-997f-e22978fb7f21', b'0', '2024-01-04 20:29:41', '415c1522-ba37-4f8b-a241-087b21847865', '2024-01-04 20:29:41', '00000000-0000-0000-0000-000000000000', 0);
INSERT INTO `Book` VALUES (2, 168.500000, '2a364734-876f-11ee-8a06-525400d40092', '2023-12-11 00:00:00', NULL, '', '理财', 'icon-licai', '#FDC526', 'dfcb493f-b058-4daf-9f9e-71776c337ec8', 'b9ea896f-b480-41ab-9438-5b3be5d667e0', b'0', '2023-12-11 12:28:07', 'dfcb493f-b058-4daf-9f9e-71776c337ec8', '2023-12-11 12:28:07', '00000000-0000-0000-0000-000000000000', 0);
INSERT INTO `Book` VALUES (2, 146.820000, '2a364734-876f-11ee-8a06-525400d40092', '2023-12-10 00:00:00', NULL, '', '理财', 'icon-licai', '#FDC526', 'dfcb493f-b058-4daf-9f9e-71776c337ec8', 'bc55f714-64c1-47b8-b77e-abe26188ca57', b'1', '2023-12-10 13:01:39', 'dfcb493f-b058-4daf-9f9e-71776c337ec8', '2023-12-10 13:01:39', '00000000-0000-0000-0000-000000000000', 0);
INSERT INTO `Book` VALUES (1, 11.000000, 'f3e56387-876c-11ee-8a06-525400d40092', '2023-11-20 00:00:00', NULL, '', '服饰', 'icon-fushi', '#000', '805e43cd-f512-49cd-a4e4-6b7b3768718f', 'be9429d8-b1fa-4a91-9111-41ce0c57e66a', b'0', '2023-11-20 14:26:26', '805e43cd-f512-49cd-a4e4-6b7b3768718f', '2023-11-20 14:26:26', '00000000-0000-0000-0000-000000000000', 0);
INSERT INTO `Book` VALUES (1, 12.000000, 'ee0dc558-876e-11ee-8a06-525400d40092', '2023-11-29 00:00:00', NULL, '', '居家', 'icon-jujia', '#EA5C2E', '0acc7077-bcf6-4efc-852d-cf07cdb94423', 'bf460f61-2e29-45a4-abe5-26551e81d144', b'0', '2023-11-29 15:30:22', '0acc7077-bcf6-4efc-852d-cf07cdb94423', '2023-11-29 15:30:22', '00000000-0000-0000-0000-000000000000', 0);
INSERT INTO `Book` VALUES (1, 4.000000, 'ee14c0b4-876e-11ee-8a06-525400d40092', '2023-12-16 00:00:00', NULL, '热干面早上', '吃喝', 'icon-canyin', '#FDC526', '8facf46a-fa63-4dff-ad94-420b6873e768', 'c0e64b6d-88ca-4879-a876-abb90bb6e328', b'0', '2023-12-16 14:04:33', '8facf46a-fa63-4dff-ad94-420b6873e768', '2023-12-16 14:04:33', '00000000-0000-0000-0000-000000000000', 0);
INSERT INTO `Book` VALUES (1, 8452.000000, 'f3e56387-876c-11ee-8a06-525400d40092', '2023-11-30 00:00:00', NULL, '', '服饰', 'icon-fushi', '#E5342E', '4532b0fc-dd35-40a6-b33c-7c3d0e27efef', 'c0f81e3a-7c06-4d90-8971-88656b56fef8', b'0', '2023-11-24 16:13:03', '4532b0fc-dd35-40a6-b33c-7c3d0e27efef', '2023-11-24 16:13:03', '00000000-0000-0000-0000-000000000000', 0);
INSERT INTO `Book` VALUES (2, 1000.000000, '9291eae7-876f-11ee-8a06-525400d40092', '2023-12-23 00:00:00', NULL, '', '工资', 'icon-gongzi', '#FDC526', '3a1bf734-e1aa-47b1-8c89-3f8c09d78c71', 'c1b7a5c7-9a23-48e9-96c0-e18de50731d1', b'0', '2023-12-23 19:40:49', '3a1bf734-e1aa-47b1-8c89-3f8c09d78c71', '2023-12-23 19:40:49', '00000000-0000-0000-0000-000000000000', 0);
INSERT INTO `Book` VALUES (1, 1111.000000, 'ee14c0b4-876e-11ee-8a06-525400d40092', '2023-11-24 00:00:00', NULL, '', '吃喝', 'icon-canyin', '#FDC526', '4532b0fc-dd35-40a6-b33c-7c3d0e27efef', 'c2c384ae-7da9-42fb-80d7-77f3798f24ff', b'0', '2023-11-24 16:11:46', '4532b0fc-dd35-40a6-b33c-7c3d0e27efef', '2023-11-24 16:11:46', '00000000-0000-0000-0000-000000000000', 0);
INSERT INTO `Book` VALUES (1, 50.000000, 'ee14c0b4-876e-11ee-8a06-525400d40092', '2023-12-21 00:00:00', NULL, '', '吃喝', 'icon-canyin', '#FDC526', '6714d10c-49ec-46c1-a2e1-1873a0436598', 'c5323dff-5543-4296-87c8-fc2cd6068527', b'0', '2023-12-21 13:59:29', '6714d10c-49ec-46c1-a2e1-1873a0436598', '2023-12-21 13:59:29', '00000000-0000-0000-0000-000000000000', 0);
INSERT INTO `Book` VALUES (1, 455.260000, 'ee129691-876e-11ee-8a06-525400d40092', '2023-12-02 00:00:00', NULL, '', '购物', 'icon-gouwu', '#E82782', 'ae95430c-9a66-4880-a3a9-1d7721c2cfbc', 'c5cd30b5-b42f-4779-97b5-d63d793daae3', b'1', '2023-12-02 17:19:14', 'ae95430c-9a66-4880-a3a9-1d7721c2cfbc', '2023-12-02 17:19:14', '00000000-0000-0000-0000-000000000000', 0);
INSERT INTO `Book` VALUES (2, 117.240000, '2a364734-876f-11ee-8a06-525400d40092', '2023-12-09 00:00:00', NULL, '', '理财', 'icon-licai', '#FDC526', 'dfcb493f-b058-4daf-9f9e-71776c337ec8', 'c67d0c65-4bf2-4325-bf3f-ec9508a11a50', b'0', '2023-12-09 12:18:19', 'dfcb493f-b058-4daf-9f9e-71776c337ec8', '2023-12-09 12:18:19', '00000000-0000-0000-0000-000000000000', 0);
INSERT INTO `Book` VALUES (1, 32.000000, 'ee14c0b4-876e-11ee-8a06-525400d40092', '2023-12-19 00:00:00', NULL, '', '吃喝', 'icon-canyin', '#FDC526', '6714d10c-49ec-46c1-a2e1-1873a0436598', 'c9382a50-d9d3-418f-a352-f09801bf634e', b'0', '2023-12-19 18:59:18', '6714d10c-49ec-46c1-a2e1-1873a0436598', '2023-12-19 18:59:18', '00000000-0000-0000-0000-000000000000', 0);
INSERT INTO `Book` VALUES (1, 200.000000, 'ee129691-876e-11ee-8a06-525400d40092', '2023-12-22 00:00:00', NULL, '', '购物', 'icon-gouwu', '#E82782', '6714d10c-49ec-46c1-a2e1-1873a0436598', 'cb64bc15-9d00-4f68-8e0f-e0dbaba4ad30', b'0', '2023-12-22 21:53:17', '6714d10c-49ec-46c1-a2e1-1873a0436598', '2023-12-22 21:53:17', '00000000-0000-0000-0000-000000000000', 0);
INSERT INTO `Book` VALUES (2, 100.000000, '9293faf4-876f-11ee-8a06-525400d40092', '2023-12-30 00:00:00', NULL, '', '其他', 'icon-qitashouru', '#FDC526', '9e70f8d5-8115-4883-88c6-b55797c6b278', 'cc1ccec1-1c8c-4fe8-aaa6-357a843b2859', b'0', '2023-12-30 12:10:25', '9e70f8d5-8115-4883-88c6-b55797c6b278', '2023-12-30 12:10:25', '00000000-0000-0000-0000-000000000000', 0);
INSERT INTO `Book` VALUES (2, 551.000000, '2a364734-876f-11ee-8a06-525400d40092', '2024-01-09 00:00:00', NULL, '', '理财', 'icon-licai', '#FDC526', '39af4ef0-9124-438a-9dcd-d12e0fcf2d6d', 'cd487d3f-a256-46e0-8afb-8ecc06d1ec7c', b'0', '2024-01-09 10:22:57', '39af4ef0-9124-438a-9dcd-d12e0fcf2d6d', '2024-01-09 10:22:57', '00000000-0000-0000-0000-000000000000', 0);
INSERT INTO `Book` VALUES (1, 4.000000, 'ee1085cc-876e-11ee-8a06-525400d40092', '2023-12-18 00:00:00', NULL, '', '交通', 'icon-jiaotong', '#AF362E', '6714d10c-49ec-46c1-a2e1-1873a0436598', 'cdc96a3a-b559-440d-946c-424f6aed1b11', b'0', '2023-12-18 17:37:33', '6714d10c-49ec-46c1-a2e1-1873a0436598', '2023-12-18 17:37:33', '00000000-0000-0000-0000-000000000000', 0);
INSERT INTO `Book` VALUES (2, 175.230000, '2a364734-876f-11ee-8a06-525400d40092', '2023-12-07 00:00:00', NULL, '', '理财', 'icon-licai', '#FDC526', 'dfcb493f-b058-4daf-9f9e-71776c337ec8', 'ce2ca082-1002-498b-afd7-6938855a5fa4', b'0', '2023-12-07 17:19:00', 'dfcb493f-b058-4daf-9f9e-71776c337ec8', '2023-12-07 17:19:00', '00000000-0000-0000-0000-000000000000', 0);
INSERT INTO `Book` VALUES (1, 2.000000, 'ee0dc558-876e-11ee-8a06-525400d40092', '2023-11-23 00:00:00', NULL, '', '居家', 'icon-jujia', '#EA5C2E', '805e43cd-f512-49cd-a4e4-6b7b3768718f', 'd13cb074-3848-40b1-913d-0b43c66c7d06', b'0', '2023-11-23 07:34:37', '805e43cd-f512-49cd-a4e4-6b7b3768718f', '2023-11-23 07:34:37', '00000000-0000-0000-0000-000000000000', 0);
INSERT INTO `Book` VALUES (1, 696.000000, 'ee0dc558-876e-11ee-8a06-525400d40092', '2024-01-27 00:00:00', NULL, '', '居家', 'icon-jujia', '#EA5C2E', '203edd2b-943b-47ca-91a1-21665a643ae8', 'd239e339-497e-4c99-9e3d-9a3c74fdfb68', b'0', '2023-11-27 16:00:15', '203edd2b-943b-47ca-91a1-21665a643ae8', '2023-11-27 16:00:15', '00000000-0000-0000-0000-000000000000', 0);
INSERT INTO `Book` VALUES (1, 46.000000, 'ee129691-876e-11ee-8a06-525400d40092', '2023-12-18 00:00:00', NULL, '', '购物', 'icon-gouwu', '#E82782', '6714d10c-49ec-46c1-a2e1-1873a0436598', 'd4e32f2c-35b1-4884-8614-2a015cce63aa', b'0', '2023-12-18 18:12:05', '6714d10c-49ec-46c1-a2e1-1873a0436598', '2023-12-18 18:12:05', '00000000-0000-0000-0000-000000000000', 0);
INSERT INTO `Book` VALUES (2, 1000.000000, '2a364734-876f-11ee-8a06-525400d40092', '2023-12-01 00:00:00', NULL, '', '理财', 'icon-licai', '#FDC526', 'ae95430c-9a66-4880-a3a9-1d7721c2cfbc', 'd611f9d3-9239-44c7-af26-e197b287c672', b'0', '2023-12-01 22:08:04', 'ae95430c-9a66-4880-a3a9-1d7721c2cfbc', '2023-12-01 22:08:04', '00000000-0000-0000-0000-000000000000', 0);
INSERT INTO `Book` VALUES (1, 1122.000000, 'ee0dc558-876e-11ee-8a06-525400d40092', '2023-12-05 00:00:00', NULL, '', '居家', 'icon-jujia', '#EA5C2E', 'bdfdc39b-1e6a-4bc4-9be7-13091fb23f18', 'd6d09b56-910c-4303-83dd-45297f600bb0', b'0', '2023-12-05 17:54:01', 'bdfdc39b-1e6a-4bc4-9be7-13091fb23f18', '2023-12-05 17:54:01', '00000000-0000-0000-0000-000000000000', 0);
INSERT INTO `Book` VALUES (1, 658.000000, 'ee1d564f-876e-11ee-8a06-525400d40092', '2023-12-29 00:00:00', NULL, '', '社交', 'icon-shejiao', '#B4CD34', '57704d02-9e39-4a27-9d12-d4f3c23846e7', 'd7d1c3de-4baf-4e65-a5a0-94a8db10a38f', b'0', '2023-12-29 23:09:03', '57704d02-9e39-4a27-9d12-d4f3c23846e7', '2023-12-29 23:09:03', '00000000-0000-0000-0000-000000000000', 0);
INSERT INTO `Book` VALUES (2, 2888.000000, '2a364734-876f-11ee-8a06-525400d40092', '2023-12-27 00:00:00', NULL, '', '理财', 'icon-licai', '#FDC526', 'aa89b6a6-cefc-4a02-b423-3195aeafd694', 'd965207b-d4e7-4e11-a7d3-ff69bcd2cb20', b'0', '2023-12-27 22:07:59', 'aa89b6a6-cefc-4a02-b423-3195aeafd694', '2023-12-27 22:07:59', '00000000-0000-0000-0000-000000000000', 0);
INSERT INTO `Book` VALUES (1, 1.000000, 'ee0dc558-876e-11ee-8a06-525400d40092', '2023-12-23 00:00:00', NULL, '', '居家', 'icon-jujia', '#EA5C2E', '3a1bf734-e1aa-47b1-8c89-3f8c09d78c71', 'db58f554-9151-4ba2-864a-e0a8d8717983', b'0', '2023-12-23 19:41:09', '3a1bf734-e1aa-47b1-8c89-3f8c09d78c71', '2023-12-23 19:41:09', '00000000-0000-0000-0000-000000000000', 0);
INSERT INTO `Book` VALUES (1, 33.000000, 'ee129691-876e-11ee-8a06-525400d40092', '2023-11-27 00:00:00', NULL, '', '购物', 'icon-gouwu', '#E82782', '203edd2b-943b-47ca-91a1-21665a643ae8', 'dda1b57b-abdb-4742-9826-142c9b93890a', b'0', '2023-11-27 16:00:26', '203edd2b-943b-47ca-91a1-21665a643ae8', '2023-11-27 16:00:26', '00000000-0000-0000-0000-000000000000', 0);
INSERT INTO `Book` VALUES (1, 69.000000, 'f3e56387-876c-11ee-8a06-525400d40092', '2023-12-29 00:00:00', NULL, '', '服饰', 'icon-fushi', '#E5342E', '57704d02-9e39-4a27-9d12-d4f3c23846e7', 'df11c969-7d7f-4e07-97c3-34ad65702767', b'0', '2023-12-29 23:09:19', '57704d02-9e39-4a27-9d12-d4f3c23846e7', '2023-12-29 23:09:19', '00000000-0000-0000-0000-000000000000', 0);
INSERT INTO `Book` VALUES (1, 666.000000, 'ee1d564f-876e-11ee-8a06-525400d40092', '2024-01-04 00:00:00', NULL, '', '社交', 'icon-shejiao', '#B4CD34', 'c979286e-ce36-4d5a-825a-5b350e09bed6', 'e03a66f0-081a-413a-aa0a-84b7d7a2d174', b'0', '2024-01-04 23:09:15', 'c979286e-ce36-4d5a-825a-5b350e09bed6', '2024-01-04 23:09:15', '00000000-0000-0000-0000-000000000000', 0);
INSERT INTO `Book` VALUES (2, 149.740000, '2a364734-876f-11ee-8a06-525400d40092', '2023-12-12 00:00:00', NULL, '', '理财', 'icon-licai', '#FDC526', 'dfcb493f-b058-4daf-9f9e-71776c337ec8', 'e067e37d-df00-4e55-9da3-66879d37f199', b'0', '2023-12-12 12:00:32', 'dfcb493f-b058-4daf-9f9e-71776c337ec8', '2023-12-12 12:00:32', '00000000-0000-0000-0000-000000000000', 0);
INSERT INTO `Book` VALUES (1, 15.000000, 'ee1b62e0-876e-11ee-8a06-525400d40092', '2023-11-29 00:00:00', NULL, '', '零食', 'icon-lingshi', '#EE8D2E', '0acc7077-bcf6-4efc-852d-cf07cdb94423', 'e1076c46-8108-4974-808c-7b99599fb20b', b'0', '2023-11-29 15:30:27', '0acc7077-bcf6-4efc-852d-cf07cdb94423', '2023-11-29 15:30:27', '00000000-0000-0000-0000-000000000000', 0);
INSERT INTO `Book` VALUES (2, 1111.000000, '2a381bee-876f-11ee-8a06-525400d40092', '2023-12-27 00:00:00', NULL, '', '兼职', 'icon-jianzhi', '#FDC526', 'aa89b6a6-cefc-4a02-b423-3195aeafd694', 'e149f107-7ed8-43b8-9109-3064f102809e', b'0', '2023-12-27 22:09:17', 'aa89b6a6-cefc-4a02-b423-3195aeafd694', '2023-12-27 22:09:17', '00000000-0000-0000-0000-000000000000', 0);
INSERT INTO `Book` VALUES (1, 180.000000, 'f3e56387-876c-11ee-8a06-525400d40092', '2023-12-19 00:00:00', NULL, '', '服饰', 'icon-fushi', '#E5342E', '6714d10c-49ec-46c1-a2e1-1873a0436598', 'e2160836-0e21-46c5-a646-9d433f849efc', b'0', '2023-12-19 18:59:06', '6714d10c-49ec-46c1-a2e1-1873a0436598', '2023-12-19 18:59:06', '00000000-0000-0000-0000-000000000000', 0);
INSERT INTO `Book` VALUES (1, 300.000000, 'ee1b62e0-876e-11ee-8a06-525400d40092', '2023-12-25 00:00:00', NULL, '', '零食', 'icon-lingshi', '#EE8D2E', '92463386-4e9f-4e86-8963-5c97f9583055', 'e4301914-40c1-4d02-8114-6deb299124f4', b'0', '2023-12-25 17:35:19', '92463386-4e9f-4e86-8963-5c97f9583055', '2023-12-25 17:35:19', '00000000-0000-0000-0000-000000000000', 0);
INSERT INTO `Book` VALUES (1, 22.000000, 'ee14c0b4-876e-11ee-8a06-525400d40092', '2023-12-18 00:00:00', NULL, '', '吃喝', 'icon-canyin', '#FDC526', '6714d10c-49ec-46c1-a2e1-1873a0436598', 'e68d4ad6-c68f-47d8-a00d-69c60754f33b', b'0', '2023-12-18 20:04:53', '6714d10c-49ec-46c1-a2e1-1873a0436598', '2023-12-18 20:04:53', '00000000-0000-0000-0000-000000000000', 0);
INSERT INTO `Book` VALUES (2, 142.080000, '2a364734-876f-11ee-8a06-525400d40092', '2023-12-10 00:00:00', NULL, '', '理财', 'icon-licai', '#FDC526', 'dfcb493f-b058-4daf-9f9e-71776c337ec8', 'e8a0cb95-3b9f-4c0f-a8c0-c00c5cf3140d', b'1', '2023-12-10 12:00:13', 'dfcb493f-b058-4daf-9f9e-71776c337ec8', '2023-12-10 12:00:13', '00000000-0000-0000-0000-000000000000', 0);
INSERT INTO `Book` VALUES (2, 256.000000, '2a381bee-876f-11ee-8a06-525400d40092', '2023-12-22 00:00:00', NULL, '', '兼职', 'icon-jianzhi', '#FDC526', 'd3841a91-eddb-4bc9-b360-e3b23a5463e9', 'ed646e7e-3f65-4285-8413-740c3d02f13f', b'0', '2023-12-22 14:37:02', 'd3841a91-eddb-4bc9-b360-e3b23a5463e9', '2023-12-22 14:37:02', '00000000-0000-0000-0000-000000000000', 0);
INSERT INTO `Book` VALUES (1, 11.000000, 'ee0dc558-876e-11ee-8a06-525400d40092', '2024-01-10 00:00:00', NULL, '', '居家', 'icon-jujia', '#EA5C2E', '79341c67-c4f0-49f4-8675-bfffb51b09c2', 'efeecbbe-bd70-4583-8f57-33ca5810240c', b'0', '2024-01-10 15:19:55', '79341c67-c4f0-49f4-8675-bfffb51b09c2', '2024-01-10 15:19:55', '00000000-0000-0000-0000-000000000000', 0);
INSERT INTO `Book` VALUES (1, 300.000000, 'ee16ecbc-876e-11ee-8a06-525400d40092', '2023-12-22 00:00:00', NULL, '', '通讯', 'icon-tongxun', '#171717', '6714d10c-49ec-46c1-a2e1-1873a0436598', 'f3263bfc-6d4d-4dc7-aa96-eafef31f1dc6', b'0', '2023-12-22 20:01:15', '6714d10c-49ec-46c1-a2e1-1873a0436598', '2023-12-22 20:01:15', '00000000-0000-0000-0000-000000000000', 0);
INSERT INTO `Book` VALUES (1, 3.000000, 'ee0dc558-876e-11ee-8a06-525400d40092', '2023-11-27 00:00:00', NULL, '', '居家', 'icon-jujia', '#EA5C2E', '203edd2b-943b-47ca-91a1-21665a643ae8', 'f360666c-0bcd-42c9-a5c8-e6d99ef95495', b'1', '2023-11-27 15:39:38', '203edd2b-943b-47ca-91a1-21665a643ae8', '2023-11-27 15:39:38', '00000000-0000-0000-0000-000000000000', 0);
INSERT INTO `Book` VALUES (1, 1.000000, 'ee1085cc-876e-11ee-8a06-525400d40092', '2023-12-05 00:00:00', NULL, '', '交通', 'icon-jiaotong', '#AF362E', '58eb78d8-1459-4b9b-882d-5d5f9aac47a7', 'f98aebae-ba27-453f-9c27-52cb044fe735', b'0', '2023-12-03 22:07:07', '58eb78d8-1459-4b9b-882d-5d5f9aac47a7', '2023-12-03 22:07:07', '00000000-0000-0000-0000-000000000000', 0);
INSERT INTO `Book` VALUES (2, 179.000000, '9291eae7-876f-11ee-8a06-525400d40092', '2024-01-06 00:00:00', NULL, '', '工资', 'icon-gongzi', '#FDC526', '415c1522-ba37-4f8b-a241-087b21847865', 'fa1f01a9-aa66-4028-a78f-71811a1e2c6e', b'1', '2024-01-06 19:37:45', '415c1522-ba37-4f8b-a241-087b21847865', '2024-01-06 19:37:45', '00000000-0000-0000-0000-000000000000', 0);
INSERT INTO `Book` VALUES (1, 200.000000, 'ee1085cc-876e-11ee-8a06-525400d40092', '2023-12-25 00:00:00', NULL, '', '交通', 'icon-jiaotong', '#AF362E', '92463386-4e9f-4e86-8963-5c97f9583055', 'fb8c5076-5b09-45ad-8bc8-2da1500c1aa0', b'0', '2023-12-25 17:35:06', '92463386-4e9f-4e86-8963-5c97f9583055', '2023-12-25 17:35:06', '00000000-0000-0000-0000-000000000000', 0);
INSERT INTO `Book` VALUES (1, 1.000000, 'ee0dc558-876e-11ee-8a06-525400d40092', '2023-12-27 00:00:00', NULL, '', '居家', 'icon-jujia', '#EA5C2E', '3a1bf734-e1aa-47b1-8c89-3f8c09d78c71', 'fbb74b17-882e-4464-b730-4614b87f594a', b'0', '2023-12-27 14:35:25', '3a1bf734-e1aa-47b1-8c89-3f8c09d78c71', '2023-12-27 14:35:25', '00000000-0000-0000-0000-000000000000', 0);
INSERT INTO `Book` VALUES (2, 117.240000, '9291eae7-876f-11ee-8a06-525400d40092', '2023-12-03 00:00:00', NULL, '', '工资', 'icon-gongzi', '#FDC526', 'dfcb493f-b058-4daf-9f9e-71776c337ec8', 'fce3c494-7e12-4ce9-9be3-9d5f5377090f', b'1', '2023-12-03 17:51:36', 'dfcb493f-b058-4daf-9f9e-71776c337ec8', '2023-12-03 17:51:36', '00000000-0000-0000-0000-000000000000', 0);
INSERT INTO `Book` VALUES (2, 200.000000, '2a364734-876f-11ee-8a06-525400d40092', '2023-12-25 00:00:00', NULL, '基金', '理财', 'icon-licai', '#FDC526', '267f2ddb-e492-46ac-b796-d7196670b53e', 'fe3eb98a-2c0c-4244-91ca-27ad4aeeff1a', b'0', '2023-12-25 15:06:44', '267f2ddb-e492-46ac-b796-d7196670b53e', '2023-12-25 15:06:44', '00000000-0000-0000-0000-000000000000', 0);
INSERT INTO `Book` VALUES (2, 10000.000000, '9291eae7-876f-11ee-8a06-525400d40092', '2023-12-25 00:00:00', NULL, '', '工资', 'icon-gongzi', '#FDC526', '92463386-4e9f-4e86-8963-5c97f9583055', 'fe5b7216-8630-4777-85f3-f867f64516f1', b'0', '2023-12-25 17:34:52', '92463386-4e9f-4e86-8963-5c97f9583055', '2023-12-25 17:34:52', '00000000-0000-0000-0000-000000000000', 0);

-- ----------------------------
-- Table structure for BookClass
-- ----------------------------
DROP TABLE IF EXISTS `BookClass`;
CREATE TABLE `BookClass`  (
  `Name` varchar(500) CHARACTER SET utf8mb4 COLLATE utf8mb4_general_ci NULL DEFAULT NULL,
  `IconName` varchar(500) CHARACTER SET utf8mb4 COLLATE utf8mb4_general_ci NULL DEFAULT NULL,
  `BgColor` varchar(500) CHARACTER SET utf8mb4 COLLATE utf8mb4_general_ci NULL DEFAULT NULL,
  `BillType` int(11) NULL DEFAULT NULL,
  `UserId` varchar(50) CHARACTER SET utf8mb4 COLLATE utf8mb4_general_ci NULL DEFAULT NULL,
  `ID` varchar(50) CHARACTER SET utf8mb4 COLLATE utf8mb4_general_ci NOT NULL,
  `IsDeleted` bit(1) NULL DEFAULT NULL,
  `CreateTime` datetime NULL DEFAULT NULL,
  `CreateUserID` varchar(50) CHARACTER SET utf8mb4 COLLATE utf8mb4_general_ci NULL DEFAULT NULL,
  `UpdateTime` datetime NULL DEFAULT NULL,
  `UpdateUserID` varchar(50) CHARACTER SET utf8mb4 COLLATE utf8mb4_general_ci NULL DEFAULT NULL,
  `Sort` int(11) NULL DEFAULT NULL,
  PRIMARY KEY (`ID`) USING BTREE
) ENGINE = InnoDB CHARACTER SET = utf8mb4 COLLATE = utf8mb4_general_ci ROW_FORMAT = Dynamic;

-- ----------------------------
-- Records of BookClass
-- ----------------------------
INSERT INTO `BookClass` VALUES ('理财', 'icon-licai', '#FDC526', 2, 'f3e56387-876c-11ee-8a06-525400d40092', '2a364734-876f-11ee-8a06-525400d40092', b'0', '2023-11-20 00:00:00', NULL, NULL, NULL, NULL);
INSERT INTO `BookClass` VALUES ('兼职', 'icon-jianzhi', '#FDC526', 2, 'f3e56387-876c-11ee-8a06-525400d40092', '2a381bee-876f-11ee-8a06-525400d40092', b'0', '2023-11-20 00:00:00', NULL, NULL, NULL, NULL);
INSERT INTO `BookClass` VALUES ('工资', 'icon-gongzi', '#FDC526', 2, 'f3e56387-876c-11ee-8a06-525400d40092', '9291eae7-876f-11ee-8a06-525400d40092', b'0', '2023-11-20 00:00:00', NULL, NULL, NULL, NULL);
INSERT INTO `BookClass` VALUES ('其他', 'icon-qitashouru', '#FDC526', 2, 'f3e56387-876c-11ee-8a06-525400d40092', '9293faf4-876f-11ee-8a06-525400d40092', b'0', '2023-11-20 00:00:00', NULL, NULL, NULL, NULL);
INSERT INTO `BookClass` VALUES ('居家', 'icon-jujia', '#EA5C2E', 1, 'f3e56387-876c-11ee-8a06-525400d40092', 'ee0dc558-876e-11ee-8a06-525400d40092', b'0', '2023-11-20 00:00:00', NULL, NULL, NULL, NULL);
INSERT INTO `BookClass` VALUES ('交通', 'icon-jiaotong', '#AF362E', 1, 'f3e56387-876c-11ee-8a06-525400d40092', 'ee1085cc-876e-11ee-8a06-525400d40092', b'0', '2023-11-20 00:00:00', NULL, NULL, NULL, NULL);
INSERT INTO `BookClass` VALUES ('购物', 'icon-gouwu', '#E82782', 1, 'f3e56387-876c-11ee-8a06-525400d40092', 'ee129691-876e-11ee-8a06-525400d40092', b'0', '2023-11-20 00:00:00', NULL, NULL, NULL, NULL);
INSERT INTO `BookClass` VALUES ('吃喝', 'icon-canyin', '#FDC526', 1, 'f3e56387-876c-11ee-8a06-525400d40092', 'ee14c0b4-876e-11ee-8a06-525400d40092', b'0', '2023-11-20 00:00:00', NULL, NULL, NULL, NULL);
INSERT INTO `BookClass` VALUES ('通讯', 'icon-tongxun', '#171717', 1, 'f3e56387-876c-11ee-8a06-525400d40092', 'ee16ecbc-876e-11ee-8a06-525400d40092', b'0', '2023-11-20 00:00:00', NULL, NULL, NULL, NULL);
INSERT INTO `BookClass` VALUES ('娱乐', 'icon-yule', '#EE8D2E', 1, 'f3e56387-876c-11ee-8a06-525400d40092', 'ee18fd2d-876e-11ee-8a06-525400d40092', b'0', '2023-11-20 00:00:00', NULL, NULL, NULL, NULL);
INSERT INTO `BookClass` VALUES ('零食', 'icon-lingshi', '#EE8D2E', 1, 'f3e56387-876c-11ee-8a06-525400d40092', 'ee1b62e0-876e-11ee-8a06-525400d40092', b'0', '2023-11-20 00:00:00', NULL, NULL, NULL, NULL);
INSERT INTO `BookClass` VALUES ('社交', 'icon-shejiao', '#B4CD34', 1, 'f3e56387-876c-11ee-8a06-525400d40092', 'ee1d564f-876e-11ee-8a06-525400d40092', b'0', '2023-11-20 00:00:00', NULL, NULL, NULL, NULL);
INSERT INTO `BookClass` VALUES ('服饰', 'icon-fushi', '#E5342E', 1, 'f3e56387-876c-11ee-8a06-525400d40092', 'f3e56387-876c-11ee-8a06-525400d40092', b'0', '2023-11-20 00:00:00', NULL, NULL, NULL, NULL);

-- ----------------------------
-- Table structure for UserInfo
-- ----------------------------
DROP TABLE IF EXISTS `UserInfo`;
CREATE TABLE `UserInfo`  (
  `UserName` varchar(500) CHARACTER SET utf8mb4 COLLATE utf8mb4_general_ci NULL DEFAULT NULL,
  `LoginName` varchar(500) CHARACTER SET utf8mb4 COLLATE utf8mb4_general_ci NULL DEFAULT NULL,
  `Phone` varchar(500) CHARACTER SET utf8mb4 COLLATE utf8mb4_general_ci NULL DEFAULT NULL,
  `Password` varchar(500) CHARACTER SET utf8mb4 COLLATE utf8mb4_general_ci NULL DEFAULT NULL,
  `PayPassword` varchar(500) CHARACTER SET utf8mb4 COLLATE utf8mb4_general_ci NULL DEFAULT NULL,
  `IsAdmin` int(11) NULL DEFAULT NULL,
  `Email` varchar(500) CHARACTER SET utf8mb4 COLLATE utf8mb4_general_ci NULL DEFAULT NULL,
  `HeaderImage` varchar(500) CHARACTER SET utf8mb4 COLLATE utf8mb4_general_ci NULL DEFAULT NULL,
  `Sex` int(11) NULL DEFAULT NULL,
  `BirthTime` datetime NULL DEFAULT NULL,
  `IsVip` bit(1) NULL DEFAULT NULL,
  `VipExpirationDate` datetime NULL DEFAULT NULL,
  `IsDisable` bit(1) NULL DEFAULT NULL,
  `ParentId` varchar(50) CHARACTER SET utf8mb4 COLLATE utf8mb4_general_ci NULL DEFAULT NULL,
  `Integral` decimal(18, 6) NULL DEFAULT NULL,
  `WeChatOpenId` varchar(500) CHARACTER SET utf8mb4 COLLATE utf8mb4_general_ci NULL DEFAULT NULL,
  `WeChatUnionId` varchar(500) CHARACTER SET utf8mb4 COLLATE utf8mb4_general_ci NULL DEFAULT NULL,
  `LoginTime` datetime NULL DEFAULT NULL,
  `Interests` varchar(500) CHARACTER SET utf8mb4 COLLATE utf8mb4_general_ci NULL DEFAULT NULL,
  `Country` varchar(500) CHARACTER SET utf8mb4 COLLATE utf8mb4_general_ci NULL DEFAULT NULL,
  `City` varchar(500) CHARACTER SET utf8mb4 COLLATE utf8mb4_general_ci NULL DEFAULT NULL,
  `Province` varchar(500) CHARACTER SET utf8mb4 COLLATE utf8mb4_general_ci NULL DEFAULT NULL,
  `ID` varchar(50) CHARACTER SET utf8mb4 COLLATE utf8mb4_general_ci NOT NULL,
  `IsDeleted` bit(1) NULL DEFAULT NULL,
  `CreateTime` datetime NULL DEFAULT NULL,
  `CreateUserID` varchar(50) CHARACTER SET utf8mb4 COLLATE utf8mb4_general_ci NULL DEFAULT NULL,
  `UpdateTime` datetime NULL DEFAULT NULL,
  `UpdateUserID` varchar(50) CHARACTER SET utf8mb4 COLLATE utf8mb4_general_ci NULL DEFAULT NULL,
  `Sort` int(11) NULL DEFAULT NULL,
  PRIMARY KEY (`ID`) USING BTREE
) ENGINE = InnoDB CHARACTER SET = utf8mb4 COLLATE = utf8mb4_general_ci ROW_FORMAT = Dynamic;

-- ----------------------------
-- Records of UserInfo
-- ----------------------------
INSERT INTO `UserInfo` VALUES ('微信用户', 'KeepAccounts-1511675668', '', '', '', 0, NULL, '', 0, '2023-12-08 10:58:58', b'0', '0001-01-01 00:00:00', b'0', '00000000-0000-0000-0000-000000000000', 0.000000, 'ogS145EufWQsJ0BwtOx36pggcEIA', '', '0001-01-01 00:00:00', NULL, '', '', '', '033facb7-f941-4438-b7cb-ff9f13db64e8', b'0', '2023-12-08 10:58:57', '00000000-0000-0000-0000-000000000000', '2023-12-08 10:58:58', '00000000-0000-0000-0000-000000000000', 0);
INSERT INTO `UserInfo` VALUES ('微信用户', 'KeepAccounts-216303559', '', '', '', 0, NULL, '', 0, '2023-12-15 14:49:05', b'0', '0001-01-01 00:00:00', b'0', '00000000-0000-0000-0000-000000000000', 0.000000, 'ogS145M8RwuLyJ1zopxATtCNDU7o', '', '0001-01-01 00:00:00', NULL, '', '', '', '0652908d-10c1-4085-841a-a52f6c9a4d1b', b'0', '2023-12-15 14:49:04', '00000000-0000-0000-0000-000000000000', '2023-12-15 14:49:05', '00000000-0000-0000-0000-000000000000', 0);
INSERT INTO `UserInfo` VALUES ('微信用户', 'KeepAccounts-85917524', '', '', '', 0, NULL, '', 0, '2023-11-24 14:09:17', b'0', '0001-01-01 00:00:00', b'0', '00000000-0000-0000-0000-000000000000', 0.000000, 'ogS145GnHGSxYTJs0oqcVHt9i5r0', '', '0001-01-01 00:00:00', NULL, '', '', '', '09f5328b-56a2-4ee2-9955-6b51a96c81f0', b'0', '2023-11-24 14:09:17', '00000000-0000-0000-0000-000000000000', '2023-11-24 14:09:17', '00000000-0000-0000-0000-000000000000', 0);
INSERT INTO `UserInfo` VALUES ('微信用户', 'KeepAccounts478933826', '', '', '', 0, NULL, '', 0, '2023-11-29 15:30:13', b'0', '0001-01-01 00:00:00', b'0', '00000000-0000-0000-0000-000000000000', 0.000000, 'ogS145F6wyIZoUstOHsMDLoPa8f4', '', '0001-01-01 00:00:00', NULL, '', '', '', '0acc7077-bcf6-4efc-852d-cf07cdb94423', b'0', '2023-11-29 15:30:13', '00000000-0000-0000-0000-000000000000', '2023-11-29 15:30:13', '00000000-0000-0000-0000-000000000000', 0);
INSERT INTO `UserInfo` VALUES ('微信用户', 'KeepAccounts1686121751', '', '', '', 0, NULL, '', 0, '2023-12-04 01:22:04', b'0', '0001-01-01 00:00:00', b'0', '00000000-0000-0000-0000-000000000000', 0.000000, 'ogS145JsrCj0wK7GzqYnN4Gp2p6Y', '', '0001-01-01 00:00:00', NULL, '', '', '', '0e16c08d-9760-40a1-8817-3a051a6a2b22', b'0', '2023-12-04 01:22:04', '00000000-0000-0000-0000-000000000000', '2023-12-04 01:22:04', '00000000-0000-0000-0000-000000000000', 0);
INSERT INTO `UserInfo` VALUES ('微信用户', 'KeepAccounts-558355917', '', '', '', 0, NULL, '', 0, '2023-12-12 17:36:14', b'0', '0001-01-01 00:00:00', b'0', '00000000-0000-0000-0000-000000000000', 0.000000, 'ogS145HoX-FF7Mvk-lai0LoVCUg0', '', '0001-01-01 00:00:00', NULL, '', '', '', '1180d368-8266-4302-bf89-53936dae0e85', b'0', '2023-12-12 17:36:14', '00000000-0000-0000-0000-000000000000', '2023-12-12 17:36:14', '00000000-0000-0000-0000-000000000000', 0);
INSERT INTO `UserInfo` VALUES ('微信用户', 'KeepAccounts-1185356164', '', '', '', 0, NULL, '', 0, '2024-01-01 21:00:33', b'0', '0001-01-01 00:00:00', b'0', '00000000-0000-0000-0000-000000000000', 0.000000, 'ogS145PU1UY9cUN4gj04X3MSMHSU', '', '0001-01-01 00:00:00', NULL, '', '', '', '14e1d2d6-8d13-403b-b575-21476e2ebf01', b'0', '2024-01-01 21:00:33', '00000000-0000-0000-0000-000000000000', '2024-01-01 21:00:33', '00000000-0000-0000-0000-000000000000', 0);
INSERT INTO `UserInfo` VALUES ('微信用户', 'KeepAccounts253328752', '', '', '', 0, NULL, '', 0, '2023-11-24 19:53:29', b'0', '0001-01-01 00:00:00', b'0', '00000000-0000-0000-0000-000000000000', 0.000000, 'ogS145D4esFzg2LbN63iOpNqDPLw', '', '0001-01-01 00:00:00', NULL, '', '', '', '15f1fe79-a079-4b53-9b91-e20b86524ca9', b'0', '2023-11-24 19:53:29', '00000000-0000-0000-0000-000000000000', '2023-11-24 19:53:29', '00000000-0000-0000-0000-000000000000', 0);
INSERT INTO `UserInfo` VALUES ('微信用户', 'KeepAccounts-978255800', '', '', '', 0, NULL, '', 0, '2023-12-28 09:31:43', b'0', '0001-01-01 00:00:00', b'0', '00000000-0000-0000-0000-000000000000', 0.000000, 'ogS145KgcDY25IioNeE-UEV-3444', '', '0001-01-01 00:00:00', NULL, '', '', '', '1e3872ec-7909-44ac-a00c-fdc1abffa484', b'0', '2023-12-28 09:31:43', '00000000-0000-0000-0000-000000000000', '2023-12-28 09:31:43', '00000000-0000-0000-0000-000000000000', 0);
INSERT INTO `UserInfo` VALUES ('微信用户', 'KeepAccounts19790164', '', '', '', 0, NULL, '', 0, '2023-11-27 15:39:27', b'0', '0001-01-01 00:00:00', b'0', '00000000-0000-0000-0000-000000000000', 0.000000, 'ogS145MoiATrSFjmel6VkGrqbk0s', '', '0001-01-01 00:00:00', NULL, '', '', '', '203edd2b-943b-47ca-91a1-21665a643ae8', b'0', '2023-11-27 15:39:27', '00000000-0000-0000-0000-000000000000', '2023-11-27 15:39:27', '00000000-0000-0000-0000-000000000000', 0);
INSERT INTO `UserInfo` VALUES ('微信用户', 'KeepAccounts-1418099442', '', '', '', 0, NULL, '', 0, '2023-11-29 12:49:35', b'0', '0001-01-01 00:00:00', b'0', '00000000-0000-0000-0000-000000000000', 0.000000, 'ogS145N7YLtmofV42xhwuv2TsHFs', '', '0001-01-01 00:00:00', NULL, '', '', '', '246b0acc-fe34-4285-b771-4e38e42149b4', b'0', '2023-11-29 12:49:35', '00000000-0000-0000-0000-000000000000', '2023-11-29 12:49:35', '00000000-0000-0000-0000-000000000000', 0);
INSERT INTO `UserInfo` VALUES ('微信用户', 'KeepAccounts-267127234', '', '', '', 0, NULL, '', 0, '2023-12-08 19:57:56', b'0', '0001-01-01 00:00:00', b'0', '00000000-0000-0000-0000-000000000000', 0.000000, 'ogS145PdhUP44Se_WIDrFCtJqXoY', '', '0001-01-01 00:00:00', NULL, '', '', '', '2559c2b0-e2d4-414d-8267-2a13364c037a', b'0', '2023-12-08 19:57:56', '00000000-0000-0000-0000-000000000000', '2023-12-08 19:57:56', '00000000-0000-0000-0000-000000000000', 0);
INSERT INTO `UserInfo` VALUES ('微信用户', 'KeepAccounts-252448251', '', '', '', 0, NULL, '', 0, '2023-12-25 15:05:45', b'0', '0001-01-01 00:00:00', b'0', '00000000-0000-0000-0000-000000000000', 0.000000, 'ogS145MQ0ZxmdaTBkfQSxqOeniR0', '', '0001-01-01 00:00:00', NULL, '', '', '', '267f2ddb-e492-46ac-b796-d7196670b53e', b'0', '2023-12-25 15:05:45', '00000000-0000-0000-0000-000000000000', '2023-12-25 15:05:45', '00000000-0000-0000-0000-000000000000', 0);
INSERT INTO `UserInfo` VALUES ('微信用户', 'KeepAccounts1640934430', '', '', '', 0, NULL, '', 0, '2023-11-23 09:27:28', b'0', '0001-01-01 00:00:00', b'0', '00000000-0000-0000-0000-000000000000', 0.000000, 'ogS145PDwKxzJ5hWzp5tq3d7LY2w', '', '0001-01-01 00:00:00', NULL, '', '', '', '2e051d2a-012f-4bc0-aa15-7d2cf88b75f9', b'0', '2023-11-23 09:27:28', '00000000-0000-0000-0000-000000000000', '2023-11-23 09:27:28', '00000000-0000-0000-0000-000000000000', 0);
INSERT INTO `UserInfo` VALUES ('微信用户', 'KeepAccounts1509832959', '', '', '', 0, NULL, '', 0, '2023-12-31 07:30:09', b'0', '0001-01-01 00:00:00', b'0', '00000000-0000-0000-0000-000000000000', 0.000000, 'ogS145L63hcuF5rk3Nq3hrIsGeag', '', '0001-01-01 00:00:00', NULL, '', '', '', '2f4fc743-7ce6-4f09-8828-97996d200973', b'0', '2023-12-31 07:30:09', '00000000-0000-0000-0000-000000000000', '2023-12-31 07:30:09', '00000000-0000-0000-0000-000000000000', 0);
INSERT INTO `UserInfo` VALUES ('微信用户', 'KeepAccounts1164389724', '', '', '', 0, NULL, '', 0, '2023-11-26 09:30:18', b'0', '0001-01-01 00:00:00', b'0', '00000000-0000-0000-0000-000000000000', 0.000000, 'ogS145FUJPx39TKbThtgs6a2IyPg', '', '0001-01-01 00:00:00', NULL, '', '', '', '3198071e-29c8-4f60-90bf-9c21a04939d3', b'0', '2023-11-26 09:30:18', '00000000-0000-0000-0000-000000000000', '2023-11-26 09:30:18', '00000000-0000-0000-0000-000000000000', 0);
INSERT INTO `UserInfo` VALUES ('微信用户', 'KeepAccounts-1414441448', '', '', '', 0, NULL, '', 0, '2023-12-21 15:29:36', b'0', '0001-01-01 00:00:00', b'0', '00000000-0000-0000-0000-000000000000', 0.000000, 'ogS145F_5y_hrPe7gB-YyxiHGtRU', '', '0001-01-01 00:00:00', NULL, '', '', '', '327641b9-67f1-47c8-86ae-b86139739387', b'0', '2023-12-21 15:29:36', '00000000-0000-0000-0000-000000000000', '2023-12-21 15:29:36', '00000000-0000-0000-0000-000000000000', 0);
INSERT INTO `UserInfo` VALUES ('微信用户', 'KeepAccounts-466139169', '', '', '', 0, NULL, '', 0, '2023-12-08 19:57:37', b'0', '0001-01-01 00:00:00', b'0', '00000000-0000-0000-0000-000000000000', 0.000000, 'ogS145HrsnkyDEbCo40DuJtqWzAM', '', '0001-01-01 00:00:00', NULL, '', '', '', '365503fa-adab-44c6-ba91-8d3de4d77221', b'0', '2023-12-08 19:57:37', '00000000-0000-0000-0000-000000000000', '2023-12-08 19:57:37', '00000000-0000-0000-0000-000000000000', 0);
INSERT INTO `UserInfo` VALUES ('微信用户', 'KeepAccounts-618549567', '', '', '', 0, NULL, '', 0, '2024-01-09 10:22:06', b'0', '0001-01-01 00:00:00', b'0', '00000000-0000-0000-0000-000000000000', 0.000000, 'ogS145JU-_bYEtT-9nOsRgOScGwU', '', '0001-01-01 00:00:00', NULL, '', '', '', '39af4ef0-9124-438a-9dcd-d12e0fcf2d6d', b'0', '2024-01-09 10:22:05', '00000000-0000-0000-0000-000000000000', '2024-01-09 10:22:06', '00000000-0000-0000-0000-000000000000', 0);
INSERT INTO `UserInfo` VALUES ('微信用户', 'KeepAccounts-146815044', '', '', '', 0, NULL, '', 0, '2023-12-23 19:40:21', b'0', '0001-01-01 00:00:00', b'0', '00000000-0000-0000-0000-000000000000', 0.000000, 'ogS145CdwFPTg84Grw2SN8-EkzyQ', '', '0001-01-01 00:00:00', NULL, '', '', '', '3a1bf734-e1aa-47b1-8c89-3f8c09d78c71', b'0', '2023-12-23 19:40:21', '00000000-0000-0000-0000-000000000000', '2023-12-23 19:40:21', '00000000-0000-0000-0000-000000000000', 0);
INSERT INTO `UserInfo` VALUES ('微信用户', 'KeepAccounts350438737', '', '', '', 0, NULL, '', 0, '2023-12-09 00:23:47', b'0', '0001-01-01 00:00:00', b'0', '00000000-0000-0000-0000-000000000000', 0.000000, 'ogS145JUewqDil10wSxP3j12XvTA', '', '0001-01-01 00:00:00', NULL, '', '', '', '3c2b0dc9-c290-48b3-bb51-4d1cc4cba3a9', b'0', '2023-12-09 00:23:47', '00000000-0000-0000-0000-000000000000', '2023-12-09 00:23:47', '00000000-0000-0000-0000-000000000000', 0);
INSERT INTO `UserInfo` VALUES ('微信用户', 'KeepAccounts-1745645923', '', '', '', 0, NULL, '', 0, '2024-01-04 20:27:50', b'0', '0001-01-01 00:00:00', b'0', '00000000-0000-0000-0000-000000000000', 0.000000, 'ogS145HBqnOT9VrwLxo1SuH66SqQ', '', '0001-01-01 00:00:00', NULL, '', '', '', '415c1522-ba37-4f8b-a241-087b21847865', b'0', '2024-01-04 20:27:50', '00000000-0000-0000-0000-000000000000', '2024-01-04 20:27:50', '00000000-0000-0000-0000-000000000000', 0);
INSERT INTO `UserInfo` VALUES ('微信用户', 'KeepAccounts65986718', '', '', '', 0, NULL, '', 0, '2023-11-24 16:11:41', b'0', '0001-01-01 00:00:00', b'0', '00000000-0000-0000-0000-000000000000', 0.000000, 'ogS145Ogm4KcG913JkbYfXcSYBSA', '', '0001-01-01 00:00:00', NULL, '', '', '', '4532b0fc-dd35-40a6-b33c-7c3d0e27efef', b'0', '2023-11-24 16:11:41', '00000000-0000-0000-0000-000000000000', '2023-11-24 16:11:41', '00000000-0000-0000-0000-000000000000', 0);
INSERT INTO `UserInfo` VALUES ('微信用户', 'KeepAccounts622607807', '', '', '', 0, NULL, '', 0, '2024-01-10 05:58:34', b'0', '0001-01-01 00:00:00', b'0', '00000000-0000-0000-0000-000000000000', 0.000000, 'ogS145DMvHRFpvYcvLDgd1R5_hP8', '', '0001-01-01 00:00:00', NULL, '', '', '', '468b743f-3aaa-437d-b9c7-e7df57ab9014', b'0', '2024-01-10 05:58:33', '00000000-0000-0000-0000-000000000000', '2024-01-10 05:58:34', '00000000-0000-0000-0000-000000000000', 0);
INSERT INTO `UserInfo` VALUES ('微信用户', 'KeepAccounts-1764667478', '', '', '', 0, NULL, '', 0, '2023-12-11 15:05:31', b'0', '0001-01-01 00:00:00', b'0', '00000000-0000-0000-0000-000000000000', 0.000000, 'ogS145AD31PoVFvWC5oZ7TcR4w7o', '', '0001-01-01 00:00:00', NULL, '', '', '', '49cfd6de-b113-4581-a87c-01e49cce96cd', b'0', '2023-12-11 15:05:31', '00000000-0000-0000-0000-000000000000', '2023-12-11 15:05:31', '00000000-0000-0000-0000-000000000000', 0);
INSERT INTO `UserInfo` VALUES ('微信用户', 'KeepAccounts-840898573', '', '', '', 0, NULL, '', 0, '2023-12-18 16:52:51', b'0', '0001-01-01 00:00:00', b'0', '00000000-0000-0000-0000-000000000000', 0.000000, 'ogS145H85hB1YcXJeZTS9PabtFwM', '', '0001-01-01 00:00:00', NULL, '', '', '', '4c5e2401-32ca-425a-8f7e-ac48cfe4eda1', b'0', '2023-12-18 16:52:50', '00000000-0000-0000-0000-000000000000', '2023-12-18 16:52:51', '00000000-0000-0000-0000-000000000000', 0);
INSERT INTO `UserInfo` VALUES ('微信用户', 'KeepAccounts1719219563', '', '', '', 0, NULL, '', 0, '2023-12-01 17:03:25', b'0', '0001-01-01 00:00:00', b'0', '00000000-0000-0000-0000-000000000000', 0.000000, 'ogS145Gst9TpfAcaVFzb8VYpkFI0', '', '0001-01-01 00:00:00', NULL, '', '', '', '4e96ca54-349f-477e-9d01-66d4f1e062b8', b'0', '2023-12-01 17:03:25', '00000000-0000-0000-0000-000000000000', '2023-12-01 17:03:25', '00000000-0000-0000-0000-000000000000', 0);
INSERT INTO `UserInfo` VALUES ('微信用户', 'KeepAccounts411008241', '', '', '', 0, NULL, '', 0, '2023-12-25 22:37:24', b'0', '0001-01-01 00:00:00', b'0', '00000000-0000-0000-0000-000000000000', 0.000000, 'ogS145C4jHhSWQyJGRCYymdj6SHA', '', '0001-01-01 00:00:00', NULL, '', '', '', '57704d02-9e39-4a27-9d12-d4f3c23846e7', b'0', '2023-12-25 22:37:24', '00000000-0000-0000-0000-000000000000', '2023-12-25 22:37:24', '00000000-0000-0000-0000-000000000000', 0);
INSERT INTO `UserInfo` VALUES ('微信用户', 'KeepAccounts284762378', '', '', '', 0, NULL, '', 0, '2023-12-03 22:06:26', b'0', '0001-01-01 00:00:00', b'0', '00000000-0000-0000-0000-000000000000', 0.000000, 'ogS145CVfgmvNcG6nCIU860tjEkE', '', '0001-01-01 00:00:00', NULL, '', '', '', '58eb78d8-1459-4b9b-882d-5d5f9aac47a7', b'0', '2023-12-03 22:06:26', '00000000-0000-0000-0000-000000000000', '2023-12-03 22:06:26', '00000000-0000-0000-0000-000000000000', 0);
INSERT INTO `UserInfo` VALUES ('微信用户', 'KeepAccounts714845536', '', '', '', 0, NULL, '', 0, '2023-12-13 14:38:12', b'0', '0001-01-01 00:00:00', b'0', '00000000-0000-0000-0000-000000000000', 0.000000, 'ogS145B0waRd1Ki_HOqReF9tHbIk', '', '0001-01-01 00:00:00', NULL, '', '', '', '5fb40944-19dc-40d4-a74c-ce69de9a169b', b'0', '2023-12-13 14:38:12', '00000000-0000-0000-0000-000000000000', '2023-12-13 14:38:12', '00000000-0000-0000-0000-000000000000', 0);
INSERT INTO `UserInfo` VALUES ('微信用户', 'KeepAccounts-1589783346', '', '', '', 0, NULL, '', 0, '2023-11-23 12:49:43', b'0', '0001-01-01 00:00:00', b'0', '00000000-0000-0000-0000-000000000000', 0.000000, 'ogS145AwTkWjyDVkxg0OFS4UKPnE', '', '0001-01-01 00:00:00', NULL, '', '', '', '608268d6-5c3a-4cdd-8ad0-6d4a57ae53a3', b'0', '2023-11-23 12:49:43', '00000000-0000-0000-0000-000000000000', '2023-11-23 12:49:43', '00000000-0000-0000-0000-000000000000', 0);
INSERT INTO `UserInfo` VALUES ('微信用户', 'KeepAccounts809923985', '', '', '', 0, NULL, '', 0, '2023-11-29 10:37:44', b'0', '0001-01-01 00:00:00', b'0', '00000000-0000-0000-0000-000000000000', 0.000000, 'ogS145B6RLGQK2rSmQSg7ZXxNpc0', '', '0001-01-01 00:00:00', NULL, '', '', '', '64060a34-1bc0-4ed3-b280-e64854e5b037', b'0', '2023-11-29 10:37:44', '00000000-0000-0000-0000-000000000000', '2023-11-29 10:37:44', '00000000-0000-0000-0000-000000000000', 0);
INSERT INTO `UserInfo` VALUES ('微信用户', 'KeepAccounts857311929', '', '', '', 0, NULL, '', 0, '2023-12-01 09:52:30', b'0', '0001-01-01 00:00:00', b'0', '00000000-0000-0000-0000-000000000000', 0.000000, 'ogS145EJmpeRXwwiFB8Ri1m-RhOQ', '', '0001-01-01 00:00:00', NULL, '', '', '', '64e9bf7d-71a5-4944-ba2a-ee137c9dbe2b', b'0', '2023-12-01 09:52:30', '00000000-0000-0000-0000-000000000000', '2023-12-01 09:52:30', '00000000-0000-0000-0000-000000000000', 0);
INSERT INTO `UserInfo` VALUES ('微信用户', 'KeepAccounts-2041952282', '', '', '', 0, NULL, '', 0, '2024-01-08 11:32:55', b'0', '0001-01-01 00:00:00', b'0', '00000000-0000-0000-0000-000000000000', 0.000000, 'ogS145MCrDjndGbD5xFDKG0TLCYE', '', '0001-01-01 00:00:00', NULL, '', '', '', '6514f07f-66c5-4339-8976-4df66834a196', b'0', '2024-01-08 11:32:55', '00000000-0000-0000-0000-000000000000', '2024-01-08 11:32:55', '00000000-0000-0000-0000-000000000000', 0);
INSERT INTO `UserInfo` VALUES ('微信用户', 'KeepAccounts-912196315', '', '', '', 0, NULL, '', 0, '2023-12-17 15:56:39', b'0', '0001-01-01 00:00:00', b'0', '00000000-0000-0000-0000-000000000000', 0.000000, 'ogS145MtCcmXO4yioAspYBtxVfdg', '', '0001-01-01 00:00:00', NULL, '', '', '', '6714d10c-49ec-46c1-a2e1-1873a0436598', b'0', '2023-12-17 15:56:39', '00000000-0000-0000-0000-000000000000', '2023-12-17 15:56:39', '00000000-0000-0000-0000-000000000000', 0);
INSERT INTO `UserInfo` VALUES ('微信用户', 'KeepAccounts-1640153811', '', '', '', 0, NULL, '', 0, '2023-12-24 18:53:17', b'0', '0001-01-01 00:00:00', b'0', '00000000-0000-0000-0000-000000000000', 0.000000, 'ogS145M7buEZ7PUG-syzoh8L4rIw', '', '0001-01-01 00:00:00', NULL, '', '', '', '7553e422-974e-4f43-97d9-b34c3507283d', b'0', '2023-12-24 18:53:17', '00000000-0000-0000-0000-000000000000', '2023-12-24 18:53:17', '00000000-0000-0000-0000-000000000000', 0);
INSERT INTO `UserInfo` VALUES ('微信用户', 'KeepAccounts-2026594387', '', '', '', 0, NULL, '', 0, '2024-01-10 15:19:39', b'0', '0001-01-01 00:00:00', b'0', '00000000-0000-0000-0000-000000000000', 0.000000, 'ogS145HZb2OrOyuC6OE3muIgBPP0', '', '0001-01-01 00:00:00', NULL, '', '', '', '79341c67-c4f0-49f4-8675-bfffb51b09c2', b'0', '2024-01-10 15:19:39', '00000000-0000-0000-0000-000000000000', '2024-01-10 15:19:39', '00000000-0000-0000-0000-000000000000', 0);
INSERT INTO `UserInfo` VALUES ('微信用户', 'KeepAccounts-817976498', '', '', '', 0, NULL, '', 0, '2023-12-01 11:29:29', b'0', '0001-01-01 00:00:00', b'0', '00000000-0000-0000-0000-000000000000', 0.000000, 'ogS145NgsD6nga97VvidQbSRAd9A', '', '0001-01-01 00:00:00', NULL, '', '', '', '79c4e2fd-221d-4630-b6e5-a39387b98e71', b'0', '2023-12-01 11:29:29', '00000000-0000-0000-0000-000000000000', '2023-12-01 11:29:29', '00000000-0000-0000-0000-000000000000', 0);
INSERT INTO `UserInfo` VALUES ('微信用户', 'KeepAccounts-1247777646', '', '', '', 0, NULL, '', 0, '2024-01-03 13:41:51', b'0', '0001-01-01 00:00:00', b'0', '00000000-0000-0000-0000-000000000000', 0.000000, 'ogS145DkbRkvlvAGE3JxutUXtyjI', '', '0001-01-01 00:00:00', NULL, '', '', '', '79dedb39-b980-4357-b19f-e78c9a1cc348', b'0', '2024-01-03 13:41:51', '00000000-0000-0000-0000-000000000000', '2024-01-03 13:41:51', '00000000-0000-0000-0000-000000000000', 0);
INSERT INTO `UserInfo` VALUES ('微信用户', 'KeepAccounts-279088958', '', '', '', 0, NULL, '', 0, '2023-12-10 12:24:07', b'0', '0001-01-01 00:00:00', b'0', '00000000-0000-0000-0000-000000000000', 0.000000, 'ogS145AXl29bBnC1YP537hohkh0o', '', '0001-01-01 00:00:00', NULL, '', '', '', '7aee1569-5402-4673-be05-2f6552cd0176', b'0', '2023-12-10 12:24:07', '00000000-0000-0000-0000-000000000000', '2023-12-10 12:24:07', '00000000-0000-0000-0000-000000000000', 0);
INSERT INTO `UserInfo` VALUES ('微信用户', 'KeepAccounts-1668480984', '', '', '', 0, NULL, '', 0, '2023-12-01 13:15:25', b'0', '0001-01-01 00:00:00', b'0', '00000000-0000-0000-0000-000000000000', 0.000000, 'ogS145Ncx9uIBxZ7xgeWP2gKc1co', '', '0001-01-01 00:00:00', NULL, '', '', '', '7b4c5c93-c87b-4240-a886-875cb17e7f10', b'0', '2023-12-01 13:15:25', '00000000-0000-0000-0000-000000000000', '2023-12-01 13:15:25', '00000000-0000-0000-0000-000000000000', 0);
INSERT INTO `UserInfo` VALUES ('微信用户', 'KeepAccounts1351087805', '', '', '', 0, NULL, '', 0, '2023-11-26 16:47:15', b'0', '0001-01-01 00:00:00', b'0', '00000000-0000-0000-0000-000000000000', 0.000000, 'ogS145Ln4YxW_VZdswFEM8UWsw0w', '', '0001-01-01 00:00:00', NULL, '', '', '', '7c385b63-4846-4d28-bb3e-957464863110', b'0', '2023-11-26 16:47:15', '00000000-0000-0000-0000-000000000000', '2023-11-26 16:47:15', '00000000-0000-0000-0000-000000000000', 0);
INSERT INTO `UserInfo` VALUES ('梁少江', 'KeepAccounts-1342784530', '', '', '', 0, NULL, '', 0, '2023-11-20 14:26:15', b'0', '0001-01-01 00:00:00', b'0', '00000000-0000-0000-0000-000000000000', 0.000000, 'ogS145AdqusNnV7JeEVi9zgm16-M', '', '0001-01-01 00:00:00', NULL, '', '', '', '805e43cd-f512-49cd-a4e4-6b7b3768718f', b'0', '2023-11-20 14:26:15', '00000000-0000-0000-0000-000000000000', '2023-11-20 14:26:15', '00000000-0000-0000-0000-000000000000', 0);
INSERT INTO `UserInfo` VALUES ('微信用户', 'KeepAccounts93533048', '', '', '', 0, NULL, '', 0, '2023-12-08 17:49:40', b'0', '0001-01-01 00:00:00', b'0', '00000000-0000-0000-0000-000000000000', 0.000000, 'ogS145Jq8xZhDRK7xtMkxzzEeBAk', '', '0001-01-01 00:00:00', NULL, '', '', '', '80ead327-103b-493a-bba5-79baf5284669', b'0', '2023-12-08 17:49:40', '00000000-0000-0000-0000-000000000000', '2023-12-08 17:49:40', '00000000-0000-0000-0000-000000000000', 0);
INSERT INTO `UserInfo` VALUES ('微信用户', 'KeepAccounts-344717471', '', '', '', 0, NULL, '', 0, '2023-12-21 15:09:55', b'0', '0001-01-01 00:00:00', b'0', '00000000-0000-0000-0000-000000000000', 0.000000, 'ogS145DoFvJ24iON6WRrI9MDwnw4', '', '0001-01-01 00:00:00', NULL, '', '', '', '8460eaaa-a240-4840-9b4d-0b382f5d8fe5', b'0', '2023-12-21 15:09:55', '00000000-0000-0000-0000-000000000000', '2023-12-21 15:09:55', '00000000-0000-0000-0000-000000000000', 0);
INSERT INTO `UserInfo` VALUES ('重庆帅小伙', 'KeepAccounts-698810751', '', '', '', 0, NULL, '', 0, '2023-11-20 14:27:48', b'0', '0001-01-01 00:00:00', b'0', '00000000-0000-0000-0000-000000000000', 0.000000, 'ogS145L1ozkskjfh0lXUtTLRo3S8', '', '0001-01-01 00:00:00', NULL, '', '', '', '86b1b9eb-a9bb-44a8-8eff-c2ce9e386935', b'0', '2023-11-20 14:27:48', '00000000-0000-0000-0000-000000000000', '2023-11-20 14:27:48', '00000000-0000-0000-0000-000000000000', 0);
INSERT INTO `UserInfo` VALUES ('微信用户', 'KeepAccounts-33907500', '', '', '', 0, NULL, '', 0, '2024-01-06 13:11:13', b'0', '0001-01-01 00:00:00', b'0', '00000000-0000-0000-0000-000000000000', 0.000000, 'ogS145IO5_bhh7XOGwQ7Ovt0i-sU', '', '0001-01-01 00:00:00', NULL, '', '', '', '89c94e10-1a4e-4085-916e-5ed351ed8757', b'0', '2024-01-06 13:11:13', '00000000-0000-0000-0000-000000000000', '2024-01-06 13:11:13', '00000000-0000-0000-0000-000000000000', 0);
INSERT INTO `UserInfo` VALUES ('微信用户', 'KeepAccounts1350579845', '', '', '', 0, NULL, '', 0, '2023-11-26 16:47:15', b'0', '0001-01-01 00:00:00', b'0', '00000000-0000-0000-0000-000000000000', 0.000000, 'ogS145GP0zm58jpvv1IK7Sv5mPeI', '', '0001-01-01 00:00:00', NULL, '', '', '', '8b7f2689-9c49-45c7-8549-a0b024c779f8', b'0', '2023-11-26 16:47:15', '00000000-0000-0000-0000-000000000000', '2023-11-26 16:47:15', '00000000-0000-0000-0000-000000000000', 0);
INSERT INTO `UserInfo` VALUES ('微信用户', 'KeepAccounts-599601056', '', '', '', 0, NULL, '', 0, '2023-12-16 14:03:51', b'0', '0001-01-01 00:00:00', b'0', '00000000-0000-0000-0000-000000000000', 0.000000, 'ogS145BY1QYdNTB1pxxQOJiHfWko', '', '0001-01-01 00:00:00', NULL, '', '', '', '8facf46a-fa63-4dff-ad94-420b6873e768', b'0', '2023-12-16 14:03:51', '00000000-0000-0000-0000-000000000000', '2023-12-16 14:03:51', '00000000-0000-0000-0000-000000000000', 0);
INSERT INTO `UserInfo` VALUES ('微信用户', 'KeepAccounts612999262', '', '', '', 0, NULL, '', 0, '2023-12-05 06:05:25', b'0', '0001-01-01 00:00:00', b'0', '00000000-0000-0000-0000-000000000000', 0.000000, 'ogS145BPNFVHwLJ6J-B3PJBjqFwQ', '', '0001-01-01 00:00:00', NULL, '', '', '', '91b47a44-3f8a-4d0f-b913-5d714d0533cf', b'0', '2023-12-05 06:05:25', '00000000-0000-0000-0000-000000000000', '2023-12-05 06:05:25', '00000000-0000-0000-0000-000000000000', 0);
INSERT INTO `UserInfo` VALUES ('微信用户', 'KeepAccounts1064049868', '', '', '', 0, NULL, '', 0, '2023-12-25 15:50:29', b'0', '0001-01-01 00:00:00', b'0', '00000000-0000-0000-0000-000000000000', 0.000000, 'ogS145G1gWo51325u3-d5iT-Ws7s', '', '0001-01-01 00:00:00', NULL, '', '', '', '92463386-4e9f-4e86-8963-5c97f9583055', b'0', '2023-12-25 15:50:28', '00000000-0000-0000-0000-000000000000', '2023-12-25 15:50:29', '00000000-0000-0000-0000-000000000000', 0);
INSERT INTO `UserInfo` VALUES ('微信用户', 'KeepAccounts-1516453188', '', '', '', 0, NULL, '', 0, '2023-12-28 17:37:35', b'0', '0001-01-01 00:00:00', b'0', '00000000-0000-0000-0000-000000000000', 0.000000, 'ogS145MhfxpJprcXD9RIYR332NQ8', '', '0001-01-01 00:00:00', NULL, '', '', '', '96c64bdd-5394-4742-b279-ca8e944b047f', b'0', '2023-12-28 17:37:35', '00000000-0000-0000-0000-000000000000', '2023-12-28 17:37:35', '00000000-0000-0000-0000-000000000000', 0);
INSERT INTO `UserInfo` VALUES ('微信用户', 'KeepAccounts435277539', '', '', '', 0, NULL, '', 0, '2023-12-15 16:15:34', b'0', '0001-01-01 00:00:00', b'0', '00000000-0000-0000-0000-000000000000', 0.000000, 'ogS145I_lFSZIZOzaYhkDcnY81_E', '', '0001-01-01 00:00:00', NULL, '', '', '', '99b81e7d-8139-4a4d-8603-ac033c0e1f4b', b'0', '2023-12-15 16:15:34', '00000000-0000-0000-0000-000000000000', '2023-12-15 16:15:34', '00000000-0000-0000-0000-000000000000', 0);
INSERT INTO `UserInfo` VALUES ('微信用户', 'KeepAccounts-374301059', '', '', '', 0, NULL, '', 0, '2023-12-09 15:45:34', b'0', '0001-01-01 00:00:00', b'0', '00000000-0000-0000-0000-000000000000', 0.000000, 'ogS145Ot3cKcTDGGb3k1eJAqn21U', '', '0001-01-01 00:00:00', NULL, '', '', '', '99bf3608-fe39-4ffd-92dc-fc73c4fbed61', b'0', '2023-12-09 15:45:34', '00000000-0000-0000-0000-000000000000', '2023-12-09 15:45:34', '00000000-0000-0000-0000-000000000000', 0);
INSERT INTO `UserInfo` VALUES ('微信用户', 'KeepAccounts-1656846296', '', '', '', 0, NULL, '', 0, '2023-12-19 12:54:07', b'0', '0001-01-01 00:00:00', b'0', '00000000-0000-0000-0000-000000000000', 0.000000, 'ogS145DkY7fIRJSC2aG2cboaxeIM', '', '0001-01-01 00:00:00', NULL, '', '', '', '9e3de45a-c7c3-41b0-bc6d-fc332521b9bc', b'0', '2023-12-19 12:54:06', '00000000-0000-0000-0000-000000000000', '2023-12-19 12:54:07', '00000000-0000-0000-0000-000000000000', 0);
INSERT INTO `UserInfo` VALUES ('微信用户', 'KeepAccounts1249978033', '', '', '', 0, NULL, '', 0, '2023-12-30 12:10:06', b'0', '0001-01-01 00:00:00', b'0', '00000000-0000-0000-0000-000000000000', 0.000000, 'ogS145EXZzFhI9bKTxG3FmVsAvbE', '', '0001-01-01 00:00:00', NULL, '', '', '', '9e70f8d5-8115-4883-88c6-b55797c6b278', b'0', '2023-12-30 12:10:06', '00000000-0000-0000-0000-000000000000', '2023-12-30 12:10:06', '00000000-0000-0000-0000-000000000000', 0);
INSERT INTO `UserInfo` VALUES ('微信用户', 'KeepAccounts1395930243', '', '', '', 0, NULL, '', 0, '2024-01-02 11:02:50', b'0', '0001-01-01 00:00:00', b'0', '00000000-0000-0000-0000-000000000000', 0.000000, 'ogS145NYbS-wvz6tV8AgKRXshLYc', '', '0001-01-01 00:00:00', NULL, '', '', '', '9eab65ba-1a85-4b95-954a-7dd66733c507', b'0', '2024-01-02 11:02:50', '00000000-0000-0000-0000-000000000000', '2024-01-02 11:02:50', '00000000-0000-0000-0000-000000000000', 0);
INSERT INTO `UserInfo` VALUES ('微信用户', 'KeepAccounts2139810604', '', '', '', 0, NULL, '', 0, '2023-12-23 11:01:08', b'0', '0001-01-01 00:00:00', b'0', '00000000-0000-0000-0000-000000000000', 0.000000, 'ogS145HF4LMqarK0cZ2CziXI6P1Y', '', '0001-01-01 00:00:00', NULL, '', '', '', '9fb7378a-2fd2-451b-b63f-351240b7d8a6', b'0', '2023-12-23 11:01:08', '00000000-0000-0000-0000-000000000000', '2023-12-23 11:01:08', '00000000-0000-0000-0000-000000000000', 0);
INSERT INTO `UserInfo` VALUES ('微信用户', 'KeepAccounts-992266934', '', '', '', 0, NULL, '', 0, '2023-11-25 12:55:27', b'0', '0001-01-01 00:00:00', b'0', '00000000-0000-0000-0000-000000000000', 0.000000, 'ogS145DPTq2M5bfJvOcT-ZHc0eXs', '', '0001-01-01 00:00:00', NULL, '', '', '', 'a0387cee-2e44-4ab2-9717-21f20a802701', b'0', '2023-11-25 12:55:27', '00000000-0000-0000-0000-000000000000', '2023-11-25 12:55:27', '00000000-0000-0000-0000-000000000000', 0);
INSERT INTO `UserInfo` VALUES ('微信用户', 'KeepAccounts1834155253', '', '', '', 0, NULL, '', 0, '2024-01-10 09:27:43', b'0', '0001-01-01 00:00:00', b'0', '00000000-0000-0000-0000-000000000000', 0.000000, 'ogS145P_VLaFghhqXGGbgQjtZ5Z4', '', '0001-01-01 00:00:00', NULL, '', '', '', 'a53f216d-4013-423c-8e6e-2375bcc993ad', b'0', '2024-01-10 09:27:43', '00000000-0000-0000-0000-000000000000', '2024-01-10 09:27:43', '00000000-0000-0000-0000-000000000000', 0);
INSERT INTO `UserInfo` VALUES ('微信用户', 'KeepAccounts1307832374', '', '', '', 0, NULL, '', 0, '2023-12-27 22:07:52', b'0', '0001-01-01 00:00:00', b'0', '00000000-0000-0000-0000-000000000000', 0.000000, 'ogS145HlW77CpKxVWcvoSPUmkrGA', '', '0001-01-01 00:00:00', NULL, '', '', '', 'aa89b6a6-cefc-4a02-b423-3195aeafd694', b'0', '2023-12-27 22:07:52', '00000000-0000-0000-0000-000000000000', '2023-12-27 22:07:52', '00000000-0000-0000-0000-000000000000', 0);
INSERT INTO `UserInfo` VALUES ('微信用户', 'KeepAccounts-318414792', '', '', '', 0, NULL, '', 0, '2024-01-08 10:30:56', b'0', '0001-01-01 00:00:00', b'0', '00000000-0000-0000-0000-000000000000', 0.000000, 'ogS145OlcQGpAuwdfJz5LL7hxQSs', '', '0001-01-01 00:00:00', NULL, '', '', '', 'ac5a9a78-ab83-442f-8d8e-5350242516cf', b'0', '2024-01-08 10:30:56', '00000000-0000-0000-0000-000000000000', '2024-01-08 10:30:56', '00000000-0000-0000-0000-000000000000', 0);
INSERT INTO `UserInfo` VALUES ('微信用户', 'KeepAccounts965072311', '', '', '', 0, NULL, '', 0, '2023-11-26 09:08:02', b'0', '0001-01-01 00:00:00', b'0', '00000000-0000-0000-0000-000000000000', 0.000000, 'ogS145CIQJsAxJFuo5iSRFM7jp6w', '', '0001-01-01 00:00:00', NULL, '', '', '', 'ad8c16b6-040b-40ba-9e89-ac39ac3dfc82', b'0', '2023-11-26 09:08:02', '00000000-0000-0000-0000-000000000000', '2023-11-26 09:08:02', '00000000-0000-0000-0000-000000000000', 0);
INSERT INTO `UserInfo` VALUES ('微信用户', 'KeepAccounts-21599758', '', '', '', 0, NULL, '', 0, '2023-12-01 22:07:52', b'0', '0001-01-01 00:00:00', b'0', '00000000-0000-0000-0000-000000000000', 0.000000, 'ogS145Dt7Q81C59tURM6JIrvmobI', '', '0001-01-01 00:00:00', NULL, '', '', '', 'ae95430c-9a66-4880-a3a9-1d7721c2cfbc', b'0', '2023-12-01 22:07:52', '00000000-0000-0000-0000-000000000000', '2023-12-01 22:07:52', '00000000-0000-0000-0000-000000000000', 0);
INSERT INTO `UserInfo` VALUES ('微信用户', 'KeepAccounts-1120289116', '', '', '', 0, NULL, '', 0, '2023-12-15 23:44:00', b'0', '0001-01-01 00:00:00', b'0', '00000000-0000-0000-0000-000000000000', 0.000000, 'ogS145BB3cbgfp3XpXpqtUPsMVJg', '', '0001-01-01 00:00:00', NULL, '', '', '', 'aea42270-7149-494a-b5fc-0a0967816661', b'0', '2023-12-15 23:43:59', '00000000-0000-0000-0000-000000000000', '2023-12-15 23:44:00', '00000000-0000-0000-0000-000000000000', 0);
INSERT INTO `UserInfo` VALUES ('微信用户', 'KeepAccounts-1326850568', '', '', '', 0, NULL, '', 0, '2023-12-28 21:19:48', b'0', '0001-01-01 00:00:00', b'0', '00000000-0000-0000-0000-000000000000', 0.000000, 'ogS145E7x_LSSdAkyxhygjZpVhrA', '', '0001-01-01 00:00:00', NULL, '', '', '', 'af36d5ac-8d18-47f8-97f7-1991ba1aa09c', b'0', '2023-12-28 21:19:47', '00000000-0000-0000-0000-000000000000', '2023-12-28 21:19:48', '00000000-0000-0000-0000-000000000000', 0);
INSERT INTO `UserInfo` VALUES ('微信用户', 'KeepAccounts1126161866', '', '', '', 0, NULL, '', 0, '2024-01-04 18:59:37', b'0', '0001-01-01 00:00:00', b'0', '00000000-0000-0000-0000-000000000000', 0.000000, 'ogS145JP85hSK-lOksA_kBIZdJj4', '', '0001-01-01 00:00:00', NULL, '', '', '', 'b9c84162-951e-473a-bdb9-f8920c9dbb58', b'0', '2024-01-04 18:59:36', '00000000-0000-0000-0000-000000000000', '2024-01-04 18:59:37', '00000000-0000-0000-0000-000000000000', 0);
INSERT INTO `UserInfo` VALUES ('小智', 'KeepAccounts-1371575739', '', '', '', 0, NULL, '', 0, '2023-11-23 09:57:50', b'0', '0001-01-01 00:00:00', b'0', '00000000-0000-0000-0000-000000000000', 0.000000, 'ogS145GLz0dzWHp7xD8gvt4JTEas', '', '0001-01-01 00:00:00', NULL, '', '', '', 'ba266282-66fb-4bf0-b4b8-1a795f155f65', b'0', '2023-11-23 09:57:50', '00000000-0000-0000-0000-000000000000', '2023-11-23 09:57:50', '00000000-0000-0000-0000-000000000000', 0);
INSERT INTO `UserInfo` VALUES ('微信用户', 'KeepAccounts683772561', '', '', '', 0, NULL, '', 0, '2023-12-05 17:53:45', b'0', '0001-01-01 00:00:00', b'0', '00000000-0000-0000-0000-000000000000', 0.000000, 'ogS145NT5p7yVHDcALbXmr33IAy0', '', '0001-01-01 00:00:00', NULL, '', '', '', 'bdfdc39b-1e6a-4bc4-9be7-13091fb23f18', b'0', '2023-12-05 17:53:45', '00000000-0000-0000-0000-000000000000', '2023-12-05 17:53:45', '00000000-0000-0000-0000-000000000000', 0);
INSERT INTO `UserInfo` VALUES ('微信用户', 'KeepAccounts771745052', '', '', '', 0, NULL, '', 0, '2024-01-04 23:09:04', b'0', '0001-01-01 00:00:00', b'0', '00000000-0000-0000-0000-000000000000', 0.000000, 'ogS145ApYwjKtENLSoSBtt1-r08g', '', '0001-01-01 00:00:00', NULL, '', '', '', 'c979286e-ce36-4d5a-825a-5b350e09bed6', b'0', '2024-01-04 23:09:04', '00000000-0000-0000-0000-000000000000', '2024-01-04 23:09:04', '00000000-0000-0000-0000-000000000000', 0);
INSERT INTO `UserInfo` VALUES ('微信用户', 'KeepAccounts1801258308', '', '', '', 0, NULL, '', 0, '2023-12-22 14:36:31', b'0', '0001-01-01 00:00:00', b'0', '00000000-0000-0000-0000-000000000000', 0.000000, 'ogS145EydEGp3bXQc1WKWjBFJMGM', '', '0001-01-01 00:00:00', NULL, '', '', '', 'd3841a91-eddb-4bc9-b360-e3b23a5463e9', b'0', '2023-12-22 14:36:31', '00000000-0000-0000-0000-000000000000', '2023-12-22 14:36:31', '00000000-0000-0000-0000-000000000000', 0);
INSERT INTO `UserInfo` VALUES ('微信用户', 'KeepAccounts897377428', '', '', '', 0, NULL, '', 0, '2024-01-07 14:37:57', b'0', '0001-01-01 00:00:00', b'0', '00000000-0000-0000-0000-000000000000', 0.000000, 'ogS145ErdnkIAqFpWFp7s0FhyiQo', '', '0001-01-01 00:00:00', NULL, '', '', '', 'd7c59d47-d253-4f13-a763-8149aa27de52', b'0', '2024-01-07 14:37:57', '00000000-0000-0000-0000-000000000000', '2024-01-07 14:37:57', '00000000-0000-0000-0000-000000000000', 0);
INSERT INTO `UserInfo` VALUES ('微信用户', 'KeepAccounts-1484138376', '', '', '', 0, NULL, '', 0, '2023-12-16 18:56:18', b'0', '0001-01-01 00:00:00', b'0', '00000000-0000-0000-0000-000000000000', 0.000000, 'ogS145KyNkW2MdZLKt1IoLcBrJzo', '', '0001-01-01 00:00:00', NULL, '', '', '', 'd8b0bd29-0641-422f-b2ff-b1ebf7cc38b3', b'0', '2023-12-16 18:56:17', '00000000-0000-0000-0000-000000000000', '2023-12-16 18:56:18', '00000000-0000-0000-0000-000000000000', 0);
INSERT INTO `UserInfo` VALUES ('微信用户', 'KeepAccounts2030128920', '', '', '', 0, NULL, '', 0, '2023-12-26 15:43:45', b'0', '0001-01-01 00:00:00', b'0', '00000000-0000-0000-0000-000000000000', 0.000000, 'ogS145CegMg_rKaPPsTuq1xM_FJU', '', '0001-01-01 00:00:00', NULL, '', '', '', 'ddd04fb6-9b88-4b5f-a814-0d84a61babe8', b'0', '2023-12-26 15:43:45', '00000000-0000-0000-0000-000000000000', '2023-12-26 15:43:45', '00000000-0000-0000-0000-000000000000', 0);
INSERT INTO `UserInfo` VALUES ('微信用户', 'KeepAccounts2116388540', '', '', '', 0, NULL, '', 0, '2024-01-10 13:45:54', b'0', '0001-01-01 00:00:00', b'0', '00000000-0000-0000-0000-000000000000', 0.000000, 'ogS145FoV0WZGapOtBF1uAGDLnYI', '', '0001-01-01 00:00:00', NULL, '', '', '', 'df811e91-56c5-406e-91fe-d4c6bb7e4ba0', b'0', '2024-01-10 13:45:54', '00000000-0000-0000-0000-000000000000', '2024-01-10 13:45:54', '00000000-0000-0000-0000-000000000000', 0);
INSERT INTO `UserInfo` VALUES ('微信用户', 'KeepAccounts-407609654', '', '', '', 0, NULL, '', 0, '2023-12-02 12:33:50', b'0', '0001-01-01 00:00:00', b'0', '00000000-0000-0000-0000-000000000000', 0.000000, 'ogS145ClUDrbvwVSpagtnw35PT8E', '', '0001-01-01 00:00:00', NULL, '', '', '', 'dfcb493f-b058-4daf-9f9e-71776c337ec8', b'0', '2023-12-02 12:33:49', '00000000-0000-0000-0000-000000000000', '2023-12-02 12:33:50', '00000000-0000-0000-0000-000000000000', 0);
INSERT INTO `UserInfo` VALUES ('微信用户', 'KeepAccounts599333958', '', '', '', 0, NULL, '', 0, '2023-12-23 14:55:14', b'0', '0001-01-01 00:00:00', b'0', '00000000-0000-0000-0000-000000000000', 0.000000, 'ogS145DY_b8JlWlmEPIPp6fVbVow', '', '0001-01-01 00:00:00', NULL, '', '', '', 'e061f5d0-6754-4de5-bc3c-e0fc684f3f5d', b'0', '2023-12-23 14:55:14', '00000000-0000-0000-0000-000000000000', '2023-12-23 14:55:14', '00000000-0000-0000-0000-000000000000', 0);
INSERT INTO `UserInfo` VALUES ('微信用户', 'KeepAccounts-2017687208', '', '', '', 0, NULL, '', 0, '2023-12-07 15:31:20', b'0', '0001-01-01 00:00:00', b'0', '00000000-0000-0000-0000-000000000000', 0.000000, 'ogS145EmWgMihIpRE5ZJq-JH3yaA', '', '0001-01-01 00:00:00', NULL, '', '', '', 'e2c7d372-7898-4d0c-b1e5-c9b1d336dd4a', b'0', '2023-12-07 15:31:19', '00000000-0000-0000-0000-000000000000', '2023-12-07 15:31:20', '00000000-0000-0000-0000-000000000000', 0);
INSERT INTO `UserInfo` VALUES ('微信用户', 'KeepAccounts1745938580', '', '', '', 0, NULL, '', 0, '2023-12-16 01:14:40', b'0', '0001-01-01 00:00:00', b'0', '00000000-0000-0000-0000-000000000000', 0.000000, 'ogS145DXfEm6KmbhrtM0y5ClbfOQ', '', '0001-01-01 00:00:00', NULL, '', '', '', 'e9eb829e-b592-4ff8-aeea-9d6a548ed950', b'0', '2023-12-16 01:14:40', '00000000-0000-0000-0000-000000000000', '2023-12-16 01:14:40', '00000000-0000-0000-0000-000000000000', 0);
INSERT INTO `UserInfo` VALUES ('微信用户', 'KeepAccounts-1035412610', '', '', '', 0, NULL, '', 0, '2024-01-03 11:11:54', b'0', '0001-01-01 00:00:00', b'0', '00000000-0000-0000-0000-000000000000', 0.000000, 'ogS145OueSKkkg9XCQp54JpKFFHU', '', '0001-01-01 00:00:00', NULL, '', '', '', 'f2c21071-265e-4208-b750-7cf131376dd5', b'0', '2024-01-03 11:11:54', '00000000-0000-0000-0000-000000000000', '2024-01-03 11:11:54', '00000000-0000-0000-0000-000000000000', 0);
INSERT INTO `UserInfo` VALUES ('微信用户', 'KeepAccounts2025242272', '', '', '', 0, NULL, '', 0, '2023-11-24 08:43:32', b'0', '0001-01-01 00:00:00', b'0', '00000000-0000-0000-0000-000000000000', 0.000000, 'ogS145CgaGsy1GCWcx_NAaaleHgQ', '', '0001-01-01 00:00:00', NULL, '', '', '', 'f8ca4df4-b7f8-44dc-aa9d-b701f215ffec', b'0', '2023-11-24 08:43:32', '00000000-0000-0000-0000-000000000000', '2023-11-24 08:43:32', '00000000-0000-0000-0000-000000000000', 0);
INSERT INTO `UserInfo` VALUES ('微信用户', 'KeepAccounts1998643973', '', '', '', 0, NULL, '', 0, '2023-12-09 10:27:53', b'0', '0001-01-01 00:00:00', b'0', '00000000-0000-0000-0000-000000000000', 0.000000, 'ogS145CMIE3a2vfGcQ6O9o2pZrTM', '', '0001-01-01 00:00:00', NULL, '', '', '', 'ffd90ffd-3c5b-41a2-a05f-4dda10b9fd94', b'0', '2023-12-09 10:27:52', '00000000-0000-0000-0000-000000000000', '2023-12-09 10:27:53', '00000000-0000-0000-0000-000000000000', 0);

SET FOREIGN_KEY_CHECKS = 1;
